date,type,bottom,top,lower,upper,median,mean,confidence,region
2020-02-05,nowcast,1,1,1,1,1,1,1,Analamanga
2020-02-06,nowcast,0,0,0,0,0,0,1,Analamanga
2020-02-07,nowcast,0,0,0,0,0,0,1,Analamanga
2020-02-08,nowcast,0,0,0,0,0,0,1,Analamanga
2020-02-09,nowcast,0,1,1,1,1,0.6666666666666666,1,Analamanga
2020-02-10,nowcast,0,1,0,0,0,0.25,1,Analamanga
2020-02-11,nowcast,0,1,0,0,0,0.2,1,Analamanga
2020-02-12,nowcast,0,1,0,0,0,0.16666666666666666,1,Analamanga
2020-02-13,nowcast,0,0,0,0,0,0,1,Analamanga
2020-02-14,nowcast,0,1,0,0,0,0.42857142857142855,1,Analamanga
2020-02-15,nowcast,0,1,0,0,0,0.125,1,Analamanga
2020-02-16,nowcast,0,1,0,0,0,0.2727272727272727,1,Analamanga
2020-02-17,nowcast,0,1,0,0,0,0.26666666666666666,1,Analamanga
2020-02-18,nowcast,0,1,0,0,0,0.4,1,Analamanga
2020-02-19,nowcast,0,1,0,0,0,0.3076923076923077,1,Analamanga
2020-02-20,nowcast,0,1,0,0,0,0.21212121212121213,1,Analamanga
2020-02-21,nowcast,0,1,0,0,0,0.23684210526315788,1,Analamanga
2020-02-22,nowcast,0,1,0,0,0,0.25,1,Analamanga
2020-02-23,nowcast,0,1,0,0,0,0.23636363636363636,1,Analamanga
2020-02-24,nowcast,0,1,0,0,0,0.43902439024390244,1,Analamanga
2020-02-25,nowcast,0,1,0,0,0,0.3269230769230769,1,Analamanga
2020-02-26,nowcast,0,1,0,0,0,0.3543307086614173,1,Analamanga
2020-02-27,nowcast,0,1,0,0,0,0.3684210526315789,1,Analamanga
2020-02-28,nowcast,0,1,0,0,0,0.37967914438502676,1,Analamanga
2020-02-29,nowcast,0,1,0,0,0,0.3440366972477064,1,Analamanga
2020-03-01,nowcast,0,1,0,0,0,0.4365079365079365,1,Analamanga
2020-03-02,nowcast,0,1,0,0,0,0.4931506849315068,1,Analamanga
2020-03-03,nowcast,0,1,0,0,0,0.5416666666666666,1,Analamanga
2020-03-04,nowcast,0,2,0,0,0,0.6085790884718498,1,Analamanga
2020-03-05,nowcast,0,2,0,0,0,0.6308068459657702,1,Analamanga
2020-03-06,nowcast,0,2,0,1,1,0.7239819004524887,1,Analamanga
2020-03-07,nowcast,0,2,0,1,1,0.8528138528138528,1,Analamanga
2020-03-08,nowcast,0,2,0,1,1,0.9029535864978903,1,Analamanga
2020-03-09,nowcast,0,3,0,1,1,1.121900826446281,1,Analamanga
2020-03-10,nowcast,0,3,0,1,1,1.2596348884381339,1,Analamanga
2020-03-11,nowcast,0,3,0,1,1,1.5531062124248498,1,Analamanga
2020-03-12,nowcast,0,3,1,2,2,1.664,1,Analamanga
2020-03-13,nowcast,0,4,1,2,2,2.016,1,Analamanga
2020-03-14,nowcast,0,5,1,2,2,2.324,1,Analamanga
2020-03-15,nowcast,0,5,0,2,2,2.626,1,Analamanga
2020-03-16,nowcast,0,5,0,2,2,2.606,1,Analamanga
2020-03-17,nowcast,0,5,1,3,3,2.884,1,Analamanga
2020-03-18,nowcast,0,5,1,3,3,2.86,1,Analamanga
2020-03-19,nowcast,0,5,1,3,3,2.758,1,Analamanga
2020-03-20,nowcast,0,5,1,3,3,2.72,1,Analamanga
2020-03-21,nowcast,0,5,0,2,2,2.586,1,Analamanga
2020-03-22,nowcast,0,5,0,2,2,2.366,1,Analamanga
2020-03-23,nowcast,0,4,1,2,2,2.358,1,Analamanga
2020-03-24,nowcast,0,4,1,2,2,2.25,1,Analamanga
2020-03-25,nowcast,0,4,1,2,2,2.124,1,Analamanga
2020-03-26,nowcast,0,4,0,2,2,1.996,1,Analamanga
2020-03-27,nowcast,0,4,1,2,2,1.828,1,Analamanga
2020-03-28,nowcast,0,4,1,2,2,1.796,1,Analamanga
2020-03-29,nowcast,0,4,1,2,2,1.75,1,Analamanga
2020-03-30,nowcast,0,4,1,2,2,1.808,1,Analamanga
2020-03-31,nowcast,0,3,1,2,2,1.762,1,Analamanga
2020-04-01,nowcast,0,3,0,1,1,1.694,1,Analamanga
2020-04-02,nowcast,0,3,0,1,1,1.518,1,Analamanga
2020-04-03,nowcast,0,3,0,1,1,1.46,1,Analamanga
2020-04-04,nowcast,0,3,0,1,1,1.538,1,Analamanga
2020-04-05,nowcast,0,3,0,1,1,1.286,1,Analamanga
2020-04-06,nowcast,0,3,0,1,1,1.202,1,Analamanga
2020-04-07,nowcast,0,2,0,1,1,1.188,1,Analamanga
2020-04-08,nowcast,0,3,0,1,1,1.168,1,Analamanga
2020-04-09,nowcast,0,3,0,1,1,1.188,1,Analamanga
2020-04-10,nowcast,0,2,0,1,1,1.038,1,Analamanga
2020-04-11,nowcast,0,2,0,1,1,0.924,1,Analamanga
2020-04-12,nowcast,0,2,0,1,1,0.82,1,Analamanga
2020-04-13,nowcast,0,2,0,1,1,0.85,1,Analamanga
2020-04-14,nowcast,0,2,0,1,1,0.718,1,Analamanga
2020-04-15,nowcast,0,2,0,1,1,0.812,1,Analamanga
2020-04-16,nowcast,0,2,0,1,1,0.694,1,Analamanga
2020-04-17,nowcast,0,2,0,1,1,0.756,1,Analamanga
2020-04-18,nowcast,0,2,0,1,1,0.836,1,Analamanga
2020-04-19,nowcast,0,2,0,1,1,0.868,1,Analamanga
2020-04-20,nowcast,0,2,0,1,1,1.006,1,Analamanga
2020-04-21,nowcast,0,2,0,1,1,1.114,1,Analamanga
2020-04-22,nowcast,0,3,0,1,1,1.204,1,Analamanga
2020-04-23,nowcast,0,3,0,1,1,1.248,1,Analamanga
2020-04-24,nowcast,0,3,0,1,1,1.36,1,Analamanga
2020-04-25,nowcast,0,3,0,1,1,1.48,1,Analamanga
2020-04-26,nowcast,0,3,0,1,1,1.442,1,Analamanga
2020-04-27,nowcast,0,3,0,1,1,1.548,1,Analamanga
2020-04-28,nowcast,0,3,0,1,1,1.61,1,Analamanga
2020-04-29,nowcast,0,4,1,2,1.5,1.704,1,Analamanga
2020-04-30,nowcast,0,4,1,2,2,1.754,1,Analamanga
2020-05-01,nowcast,0,3,1,2,2,1.758,1,Analamanga
2020-05-02,nowcast,0,4,1,2,2,1.86,1,Analamanga
2020-05-03,nowcast,0,4,1,2,2,2.01,1,Analamanga
2020-05-04,nowcast,0,4,1,2,2,2.184,1,Analamanga
2020-05-05,nowcast,0,4,2,3,2,2.502,1,Analamanga
2020-05-06,nowcast,0,5,0,2,2,2.67,1,Analamanga
2020-05-07,nowcast,0,5,1,3,3,3.16,1,Analamanga
2020-05-08,nowcast,1,6,1,3,3,3.186,1,Analamanga
2020-05-09,nowcast,1,6,2,4,3,3.606,1,Analamanga
2020-05-10,nowcast,0,6,2,4,3,3.712,1,Analamanga
2020-05-11,nowcast,1,7,2,4,4,4.184,1,Analamanga
2020-05-12,nowcast,2,8,3,5,4,4.362,1,Analamanga
2020-05-13,nowcast,1,8,3,5,4,4.464,1,Analamanga
2020-05-14,nowcast,2,8,3,5,4,4.66,1,Analamanga
2020-05-15,nowcast,2,9,2,5,5,5.28,1,Analamanga
2020-05-16,nowcast,2,9,3,6,6,5.776,1,Analamanga
2020-05-17,nowcast,1,9,4,7,6,6.386,1,Analamanga
2020-05-18,nowcast,2,11,5,8,7,6.892,1,Analamanga
2020-05-19,nowcast,3,11,5,8,7,7.51,1,Analamanga
2020-05-20,nowcast,3,12,5,8,8,8.22,1,Analamanga
2020-05-21,nowcast,5,13,6,9,8.5,8.58,1,Analamanga
2020-05-22,nowcast,5,14,6,10,9,9.446,1,Analamanga
2020-05-23,nowcast,5,14,6,10,10,9.93,1,Analamanga
2020-05-24,nowcast,5,15,8,11,10,10.08,1,Analamanga
2020-05-25,nowcast,6,16,7,11,11,10.722,1,Analamanga
2020-05-26,nowcast,5,15,7,11,11,10.714,1,Analamanga
2020-05-27,nowcast,5,16,7,11,11,10.94,1,Analamanga
2020-05-28,nowcast,5,16,7,11,11,11.046,1,Analamanga
2020-05-29,nowcast,5,16,9,13,11,11.258,1,Analamanga
2020-05-30,nowcast,6,18,7,12,12,12.196,1,Analamanga
2020-05-31,nowcast,5,17,9,13,12,12.456,1,Analamanga
2020-06-01,nowcast,6,19,9,14,13,13.036,1,Analamanga
2020-06-02,nowcast,7,20,10,15,14,14.326,1,Analamanga
2020-06-03,nowcast,6,21,11,16,14,14.916,1,Analamanga
2020-06-04,nowcast,8,24,11,17,16,15.962,1,Analamanga
2020-06-05,nowcast,8,26,12,19,18,17.964,1,Analamanga
2020-06-06,nowcast,9,28,14,21,19,20.174,1,Analamanga
2020-06-07,nowcast,10,31,16,24,22,22.81,1,Analamanga
2020-06-08,nowcast,14,35,18,27,25,25.82,1,Analamanga
2020-06-09,nowcast,15,40,23,32,28,29.146,1,Analamanga
2020-06-10,nowcast,21,45,25,34,32,32.39,1,Analamanga
2020-06-11,nowcast,22,48,29,39,36,36.644,1,Analamanga
2020-06-12,nowcast,26,55,32,43,39,40.45,1,Analamanga
2020-06-13,nowcast,29,59,36,48,44,45.044,1,Analamanga
2020-06-14,nowcast,33,64,43,55,49,50.188,1,Analamanga
2020-06-15,nowcast,37,71,44,57,54,55.394,1,Analamanga
2020-06-16,nowcast,39,76,51,65,60,60.644,1,Analamanga
2020-06-17,nowcast,46,83,53,69,65,66.296,1,Analamanga
2020-06-18,nowcast,51,91,59,75,71,72.246,1,Analamanga
2020-06-19,nowcast,54,101,64,83,78,79.118,1,Analamanga
2020-06-20,nowcast,60,111,71,91,84,86.046,1,Analamanga
2020-06-21,nowcast,70,119,74,96,93,94.59,1,Analamanga
2020-06-22,nowcast,78,136,87,111,104,105.88,1,Analamanga
2020-06-23,nowcast,91,149,100,123,115.5,117.958,1,Analamanga
2020-06-24,nowcast,98,159,116,140,129,130.088,1,Analamanga
2020-06-25,nowcast,116,179,126,153,144,145.15,1,Analamanga
2020-06-26,nowcast,129,194,138,163,157,159.786,1,Analamanga
2020-06-27,nowcast,141,206,154,180,174,174.296,1,Analamanga
2020-06-28,nowcast,155,218,173,198,190,190.32,1,Analamanga
2020-06-29,nowcast,179,238,188,210,205,205.5,1,Analamanga
2020-06-30,nowcast,191,248,211,235,218,218.294,1,Analamanga
2020-07-01,nowcast,196,258,216,239,229,228.812,1,Analamanga
2020-07-02,nowcast,204,261,223,247,238,237.474,1,Analamanga
2020-07-03,nowcast,220,273,228,248,242.5,243.082,1,Analamanga
2020-07-04,nowcast,219,277,229,252,247,248.062,1,Analamanga
2020-07-05,nowcast,230,283,240,262,251.5,252.434,1,Analamanga
2020-07-06,nowcast,228,281,245,266,256,256.278,1,Analamanga
2020-07-07,nowcast,233,285,245,266,259,259.242,1,Analamanga
2020-07-08,nowcast,231,284,244,266,258,258.638,1,Analamanga
2020-07-09,nowcast,227,281,244,263,256,255.704,1,Analamanga
2020-07-10,nowcast,228,281,243,265,256,256.262,1,Analamanga
2020-07-11,nowcast,225,282,241,262,254,254.832,1,Analamanga
2020-07-12,nowcast,227,279,245,267,256,255.658,1,Analamanga
2020-07-13,nowcast,226,282,242,264,255,254.462,1,Analamanga
2020-07-14,nowcast,222,277,242,262,252,251.4,1,Analamanga
2020-07-15,nowcast,221,276,237,257,248,249.528,1,Analamanga
2020-07-16,nowcast,218,272,231,253,246,247.322,1,Analamanga
2020-07-17,nowcast,215,272,231,253,245,246.624,1,Analamanga
2020-07-18,nowcast,214,271,228,251,243,244.072,1,Analamanga
2020-07-19,nowcast,211,262,230,251,238,237.858,1,Analamanga
2020-07-20,nowcast,204,257,222,244,230,229.476,1,Analamanga
2020-07-21,nowcast,190,244,204,227,220,220.294,1,Analamanga
2020-07-22,nowcast,188,239,205,225,213,212.182,1,Analamanga
2020-07-23,nowcast,177,231,192,215,206,205.852,1,Analamanga
2020-07-24,nowcast,169,221,188,209,197,197.212,1,Analamanga
2020-07-25,nowcast,158,211,175,194,187,186.624,1,Analamanga
2020-07-26,nowcast,149,204,160,180,174,175.132,1,Analamanga
2020-07-27,nowcast,136,190,154,175,166,165.444,1,Analamanga
2020-07-28,nowcast,128,177,145,165,155,155.122,1,Analamanga
2020-07-29,nowcast,118,168,133,153,145,144.13,1,Analamanga
2020-07-30,nowcast,106,159,122,143,133.5,133.134,1,Analamanga
2020-07-31,nowcast,95,140,113,131,121,120.844,1,Analamanga
2020-08-01,nowcast,84,130,95,114,109,109.144,1,Analamanga
2020-08-02,nowcast,74,116,87,104,96,96.356,1,Analamanga
2020-08-03,nowcast,63,98,78,92,82,82.486,1,Analamanga
2020-08-04,nowcast,52,83,63,75,69,69.136,1,Analamanga
2020-08-05,nowcast,45,72,50,61,58,58.37,1,Analamanga
2020-08-06,nowcast,39,63,43,53,51,50.73,1,Analamanga
2020-08-07,nowcast,31,54,40,49,44,44.234,1,Analamanga
2020-08-08,nowcast,30,51,36,44,40,40.246,1,Analamanga
2020-08-09,nowcast,28,47,33,40,38,38.324,1,Analamanga
2020-08-10,nowcast,26,45,29,37,36,36.122,1,Analamanga
2020-08-11,nowcast,25,44,28,36,35,35.196,1,Analamanga
2020-08-12,nowcast,24,43,28,36,34,34.016,1,Analamanga
2020-08-13,nowcast,22,40,27,34,32,32.202,1,Analamanga
2020-08-14,nowcast,23,40,27,34,31,31.374,1,Analamanga
2020-08-15,nowcast,21,38,27,33,31,30.658,1,Analamanga
2020-08-16,nowcast,22,38,26,32,30,30.428,1,Analamanga
2020-08-17,nowcast,21,38,25,32,30,30.586,1,Analamanga
2020-08-18,nowcast,22,39,27,33,30,30.776,1,Analamanga
2020-08-19,nowcast,22,40,25,32,31,31.614,1,Analamanga
2020-08-20,nowcast,23,39,26,33,32,31.694,1,Analamanga
2020-08-21,nowcast,23,41,28,35,33,32.742,1,Analamanga
2020-08-22,nowcast,23,41,27,34,33,33.202,1,Analamanga
2020-08-23,nowcast,24,43,28,36,34,34.066,1,Analamanga
2020-08-24,nowcast,22,41,29,36,33,33.346,1,Analamanga
2020-08-25,nowcast,22,40,27,34,32,32.438,1,Analamanga
2020-08-26,nowcast,22,40,29,36,32,32.282,1,Analamanga
2020-08-27,nowcast,23,40,28,34,31,31.212,1,Analamanga
2020-08-28,nowcast,20,38,23,31,30,30.154,1,Analamanga
2020-08-29,nowcast,19,37,27,33,30,29.982,1,Analamanga
2020-08-30,nowcast,19,37,23,30,28,28.658,1,Analamanga
2020-08-31,nowcast,18,36,22,29,28,27.934,1,Analamanga
2020-09-01,nowcast,18,34,22,28,26,26.206,1,Analamanga
2020-09-02,nowcast,15,31,19,25,24,24.3,1,Analamanga
2020-09-03,nowcast,14,30,19,25,23,22.82,1,Analamanga
2020-09-04,nowcast,14,28,17,23,22,21.52,1,Analamanga
2020-09-05,nowcast,13,26,16,21,19,19.66,0.9999850134504635,Analamanga
2020-09-06,nowcast,11,25,12,18,18,18.156,0.9999472954600991,Analamanga
2020-09-07,nowcast,10,23,13,18,17,16.748,0.9999001581987849,Analamanga
2020-09-08,nowcast,9,21,11,16,15,15.094,0.999841226286055,Analamanga
2020-09-09,nowcast,8,20,9,14,14,14.242,0.9997675218596775,Analamanga
2020-09-10,nowcast,8,19,12,16,14,13.83,0.9996428362927174,Analamanga
2020-09-11,nowcast,7,19,11,15,14,13.9,0.9994730202536496,Analamanga
2020-09-12,nowcast,8,19,11,15,14,13.77,0.9992601033943147,Analamanga
2020-09-13,nowcast,6,18,9,14,13,12.978,0.9989931078991692,Analamanga
2020-09-14,nowcast,5,17,10,14,12,12.524,0.998612145503249,Analamanga
2020-09-15,nowcast,6,16,8,12,11,11.182,0.9981081707880731,Analamanga
2020-09-16,nowcast,5,14,6,10,10,9.47,0.9974743672798508,Analamanga
2020-09-17,nowcast,4,12,6,9,8,8.268,0.9966769586299099,Analamanga
2020-09-18,nowcast,3,11,5,8,7,7.392,0.9956433912431631,Analamanga
2020-09-19,nowcast,3,10,4,7,7,6.658,0.9942716598817637,Analamanga
2020-09-20,nowcast,2,10,3,6,6,6.358,0.9925013599861188,Analamanga
2020-09-21,nowcast,2,10,3,6,6,6.402,0.9902400379057669,Analamanga
2020-09-22,nowcast,2,10,4,7,6,6.454,0.9873789766643014,Analamanga
2020-09-23,nowcast,2,10,4,7,6,6.496,0.9837574959934329,Analamanga
2020-09-24,nowcast,2,10,4,7,7,6.752,0.9790997427407919,Analamanga
2020-09-25,nowcast,3,11,4,7,7,7.086,0.973196797225583,Analamanga
2020-09-26,nowcast,3,11,5,8,7,7.132,0.9656111603788321,Analamanga
2020-09-27,nowcast,3,11,5,8,7,7.236,0.955982284888997,Analamanga
2020-09-28,nowcast,2,11,4,7,7,7.052,0.9437470473537068,Analamanga
2020-09-29,nowcast,2,10,4,7,6,6.658,0.9281789930921156,Analamanga
2020-09-30,nowcast,2,10,4,7,6,6.344,0.908336235282005,Analamanga
2020-10-01,nowcast,2,10,3,6,6,6.344,0.8829914450593119,Analamanga
2020-10-02,nowcast,2,10,3,6,6,6.038,0.8505400778825696,Analamanga
2020-10-03,nowcast,2,10,3,6,6,5.972,0.8088887130109946,Analamanga
2020-03-20,Observed by report date,NA,NA,NA,NA,3,NA,1,Analamanga
2020-03-21,Observed by report date,NA,NA,NA,NA,0,NA,1,Analamanga
2020-03-22,Observed by report date,NA,NA,NA,NA,9,NA,1,Analamanga
2020-03-23,Observed by report date,NA,NA,NA,NA,5,NA,1,Analamanga
2020-03-24,Observed by report date,NA,NA,NA,NA,2,NA,1,Analamanga
2020-03-25,Observed by report date,NA,NA,NA,NA,0,NA,1,Analamanga
2020-03-26,Observed by report date,NA,NA,NA,NA,4,NA,1,Analamanga
2020-03-27,Observed by report date,NA,NA,NA,NA,3,NA,1,Analamanga
2020-03-28,Observed by report date,NA,NA,NA,NA,4,NA,1,Analamanga
2020-03-29,Observed by report date,NA,NA,NA,NA,6,NA,1,Analamanga
2020-03-30,Observed by report date,NA,NA,NA,NA,0,NA,1,Analamanga
2020-03-31,Observed by report date,NA,NA,NA,NA,0,NA,1,Analamanga
2020-04-01,Observed by report date,NA,NA,NA,NA,4,NA,1,Analamanga
2020-04-02,Observed by report date,NA,NA,NA,NA,1,NA,1,Analamanga
2020-04-03,Observed by report date,NA,NA,NA,NA,5,NA,1,Analamanga
2020-04-04,Observed by report date,NA,NA,NA,NA,0,NA,1,Analamanga
2020-04-05,Observed by report date,NA,NA,NA,NA,0,NA,1,Analamanga
2020-04-06,Observed by report date,NA,NA,NA,NA,5,NA,1,Analamanga
2020-04-07,Observed by report date,NA,NA,NA,NA,3,NA,1,Analamanga
2020-04-08,Observed by report date,NA,NA,NA,NA,2,NA,1,Analamanga
2020-04-09,Observed by report date,NA,NA,NA,NA,0,NA,1,Analamanga
2020-04-10,Observed by report date,NA,NA,NA,NA,3,NA,1,Analamanga
2020-04-11,Observed by report date,NA,NA,NA,NA,0,NA,1,Analamanga
2020-04-12,Observed by report date,NA,NA,NA,NA,3,NA,1,Analamanga
2020-04-13,Observed by report date,NA,NA,NA,NA,0,NA,1,Analamanga
2020-04-14,Observed by report date,NA,NA,NA,NA,2,NA,1,Analamanga
2020-04-15,Observed by report date,NA,NA,NA,NA,2,NA,1,Analamanga
2020-04-16,Observed by report date,NA,NA,NA,NA,0,NA,1,Analamanga
2020-04-17,Observed by report date,NA,NA,NA,NA,3,NA,1,Analamanga
2020-04-18,Observed by report date,NA,NA,NA,NA,2,NA,1,Analamanga
2020-04-19,Observed by report date,NA,NA,NA,NA,1,NA,1,Analamanga
2020-04-20,Observed by report date,NA,NA,NA,NA,0,NA,1,Analamanga
2020-04-21,Observed by report date,NA,NA,NA,NA,0,NA,1,Analamanga
2020-04-22,Observed by report date,NA,NA,NA,NA,0,NA,1,Analamanga
2020-04-23,Observed by report date,NA,NA,NA,NA,0,NA,1,Analamanga
2020-04-24,Observed by report date,NA,NA,NA,NA,1,NA,1,Analamanga
2020-04-25,Observed by report date,NA,NA,NA,NA,0,NA,1,Analamanga
2020-04-26,Observed by report date,NA,NA,NA,NA,0,NA,1,Analamanga
2020-04-27,Observed by report date,NA,NA,NA,NA,3,NA,1,Analamanga
2020-04-28,Observed by report date,NA,NA,NA,NA,0,NA,1,Analamanga
2020-04-29,Observed by report date,NA,NA,NA,NA,0,NA,1,Analamanga
2020-04-30,Observed by report date,NA,NA,NA,NA,0,NA,1,Analamanga
2020-05-01,Observed by report date,NA,NA,NA,NA,4,NA,1,Analamanga
2020-05-02,Observed by report date,NA,NA,NA,NA,0,NA,1,Analamanga
2020-05-03,Observed by report date,NA,NA,NA,NA,6,NA,1,Analamanga
2020-05-04,Observed by report date,NA,NA,NA,NA,0,NA,1,Analamanga
2020-05-05,Observed by report date,NA,NA,NA,NA,0,NA,1,Analamanga
2020-05-06,Observed by report date,NA,NA,NA,NA,1,NA,1,Analamanga
2020-05-07,Observed by report date,NA,NA,NA,NA,0,NA,1,Analamanga
2020-05-08,Observed by report date,NA,NA,NA,NA,4,NA,1,Analamanga
2020-05-09,Observed by report date,NA,NA,NA,NA,0,NA,1,Analamanga
2020-05-10,Observed by report date,NA,NA,NA,NA,0,NA,1,Analamanga
2020-05-11,Observed by report date,NA,NA,NA,NA,3,NA,1,Analamanga
2020-05-12,Observed by report date,NA,NA,NA,NA,0,NA,1,Analamanga
2020-05-13,Observed by report date,NA,NA,NA,NA,2,NA,1,Analamanga
2020-05-14,Observed by report date,NA,NA,NA,NA,2,NA,1,Analamanga
2020-05-15,Observed by report date,NA,NA,NA,NA,0,NA,1,Analamanga
2020-05-16,Observed by report date,NA,NA,NA,NA,16,NA,1,Analamanga
2020-05-17,Observed by report date,NA,NA,NA,NA,0,NA,1,Analamanga
2020-05-18,Observed by report date,NA,NA,NA,NA,0,NA,1,Analamanga
2020-05-19,Observed by report date,NA,NA,NA,NA,2,NA,1,Analamanga
2020-05-20,Observed by report date,NA,NA,NA,NA,3,NA,1,Analamanga
2020-05-21,Observed by report date,NA,NA,NA,NA,0,NA,1,Analamanga
2020-05-22,Observed by report date,NA,NA,NA,NA,5,NA,1,Analamanga
2020-05-23,Observed by report date,NA,NA,NA,NA,0,NA,1,Analamanga
2020-05-24,Observed by report date,NA,NA,NA,NA,10,NA,1,Analamanga
2020-05-25,Observed by report date,NA,NA,NA,NA,2,NA,1,Analamanga
2020-05-26,Observed by report date,NA,NA,NA,NA,10,NA,1,Analamanga
2020-05-27,Observed by report date,NA,NA,NA,NA,8,NA,1,Analamanga
2020-05-28,Observed by report date,NA,NA,NA,NA,11,NA,1,Analamanga
2020-05-29,Observed by report date,NA,NA,NA,NA,1,NA,1,Analamanga
2020-05-30,Observed by report date,NA,NA,NA,NA,25,NA,1,Analamanga
2020-05-31,Observed by report date,NA,NA,NA,NA,10,NA,1,Analamanga
2020-06-01,Observed by report date,NA,NA,NA,NA,4,NA,1,Analamanga
2020-06-02,Observed by report date,NA,NA,NA,NA,2,NA,1,Analamanga
2020-06-03,Observed by report date,NA,NA,NA,NA,23,NA,1,Analamanga
2020-06-04,Observed by report date,NA,NA,NA,NA,5,NA,1,Analamanga
2020-06-05,Observed by report date,NA,NA,NA,NA,5,NA,1,Analamanga
2020-06-06,Observed by report date,NA,NA,NA,NA,28,NA,1,Analamanga
2020-06-07,Observed by report date,NA,NA,NA,NA,12,NA,1,Analamanga
2020-06-08,Observed by report date,NA,NA,NA,NA,0,NA,1,Analamanga
2020-06-09,Observed by report date,NA,NA,NA,NA,4,NA,1,Analamanga
2020-06-10,Observed by report date,NA,NA,NA,NA,0,NA,1,Analamanga
2020-06-11,Observed by report date,NA,NA,NA,NA,12,NA,1,Analamanga
2020-06-12,Observed by report date,NA,NA,NA,NA,17,NA,1,Analamanga
2020-06-13,Observed by report date,NA,NA,NA,NA,12,NA,1,Analamanga
2020-06-14,Observed by report date,NA,NA,NA,NA,6,NA,1,Analamanga
2020-06-15,Observed by report date,NA,NA,NA,NA,7,NA,1,Analamanga
2020-06-16,Observed by report date,NA,NA,NA,NA,21,NA,1,Analamanga
2020-06-17,Observed by report date,NA,NA,NA,NA,52,NA,1,Analamanga
2020-06-18,Observed by report date,NA,NA,NA,NA,0,NA,1,Analamanga
2020-06-19,Observed by report date,NA,NA,NA,NA,8,NA,1,Analamanga
2020-06-20,Observed by report date,NA,NA,NA,NA,44,NA,1,Analamanga
2020-06-21,Observed by report date,NA,NA,NA,NA,71,NA,1,Analamanga
2020-06-22,Observed by report date,NA,NA,NA,NA,10,NA,1,Analamanga
2020-06-23,Observed by report date,NA,NA,NA,NA,83,NA,1,Analamanga
2020-06-24,Observed by report date,NA,NA,NA,NA,38,NA,1,Analamanga
2020-06-25,Observed by report date,NA,NA,NA,NA,37,NA,1,Analamanga
2020-06-26,Observed by report date,NA,NA,NA,NA,11,NA,1,Analamanga
2020-06-27,Observed by report date,NA,NA,NA,NA,74,NA,1,Analamanga
2020-06-28,Observed by report date,NA,NA,NA,NA,66,NA,1,Analamanga
2020-06-29,Observed by report date,NA,NA,NA,NA,49,NA,1,Analamanga
2020-06-30,Observed by report date,NA,NA,NA,NA,75,NA,1,Analamanga
2020-07-01,Observed by report date,NA,NA,NA,NA,88,NA,1,Analamanga
2020-07-02,Observed by report date,NA,NA,NA,NA,52,NA,1,Analamanga
2020-07-03,Observed by report date,NA,NA,NA,NA,85,NA,1,Analamanga
2020-07-04,Observed by report date,NA,NA,NA,NA,209,NA,1,Analamanga
2020-07-05,Observed by report date,NA,NA,NA,NA,197,NA,1,Analamanga
2020-07-06,Observed by report date,NA,NA,NA,NA,303,NA,1,Analamanga
2020-07-07,Observed by report date,NA,NA,NA,NA,210,NA,1,Analamanga
2020-07-08,Observed by report date,NA,NA,NA,NA,96,NA,1,Analamanga
2020-07-09,Observed by report date,NA,NA,NA,NA,209,NA,1,Analamanga
2020-07-10,Observed by report date,NA,NA,NA,NA,341,NA,1,Analamanga
2020-07-11,Observed by report date,NA,NA,NA,NA,401,NA,1,Analamanga
2020-07-12,Observed by report date,NA,NA,NA,NA,249,NA,1,Analamanga
2020-07-13,Observed by report date,NA,NA,NA,NA,193,NA,1,Analamanga
2020-07-14,Observed by report date,NA,NA,NA,NA,252,NA,1,Analamanga
2020-07-15,Observed by report date,NA,NA,NA,NA,205,NA,1,Analamanga
2020-07-16,Observed by report date,NA,NA,NA,NA,433,NA,1,Analamanga
2020-07-17,Observed by report date,NA,NA,NA,NA,238,NA,1,Analamanga
2020-07-18,Observed by report date,NA,NA,NA,NA,349,NA,1,Analamanga
2020-07-19,Observed by report date,NA,NA,NA,NA,163,NA,1,Analamanga
2020-07-20,Observed by report date,NA,NA,NA,NA,71,NA,1,Analamanga
2020-07-21,Observed by report date,NA,NA,NA,NA,356,NA,1,Analamanga
2020-07-22,Observed by report date,NA,NA,NA,NA,575,NA,1,Analamanga
2020-07-23,Observed by report date,NA,NA,NA,NA,148,NA,1,Analamanga
2020-07-24,Observed by report date,NA,NA,NA,NA,321,NA,1,Analamanga
2020-07-25,Observed by report date,NA,NA,NA,NA,84,NA,1,Analamanga
2020-07-26,Observed by report date,NA,NA,NA,NA,380,NA,1,Analamanga
2020-07-27,Observed by report date,NA,NA,NA,NA,269,NA,1,Analamanga
2020-07-28,Observed by report date,NA,NA,NA,NA,347,NA,1,Analamanga
2020-07-29,Observed by report date,NA,NA,NA,NA,122,NA,1,Analamanga
2020-07-30,Observed by report date,NA,NA,NA,NA,388,NA,1,Analamanga
2020-07-31,Observed by report date,NA,NA,NA,NA,77,NA,1,Analamanga
2020-08-01,Observed by report date,NA,NA,NA,NA,324,NA,1,Analamanga
2020-08-02,Observed by report date,NA,NA,NA,NA,225,NA,1,Analamanga
2020-08-03,Observed by report date,NA,NA,NA,NA,118,NA,1,Analamanga
2020-08-04,Observed by report date,NA,NA,NA,NA,185,NA,1,Analamanga
2020-08-05,Observed by report date,NA,NA,NA,NA,272,NA,1,Analamanga
2020-08-06,Observed by report date,NA,NA,NA,NA,242,NA,1,Analamanga
2020-08-07,Observed by report date,NA,NA,NA,NA,141,NA,1,Analamanga
2020-08-08,Observed by report date,NA,NA,NA,NA,129,NA,1,Analamanga
2020-08-09,Observed by report date,NA,NA,NA,NA,127,NA,1,Analamanga
2020-08-10,Observed by report date,NA,NA,NA,NA,99,NA,1,Analamanga
2020-08-11,Observed by report date,NA,NA,NA,NA,43,NA,1,Analamanga
2020-08-12,Observed by report date,NA,NA,NA,NA,27,NA,1,Analamanga
2020-08-13,Observed by report date,NA,NA,NA,NA,49,NA,1,Analamanga
2020-08-14,Observed by report date,NA,NA,NA,NA,53,NA,1,Analamanga
2020-08-15,Observed by report date,NA,NA,NA,NA,42,NA,1,Analamanga
2020-08-16,Observed by report date,NA,NA,NA,NA,69,NA,1,Analamanga
2020-08-17,Observed by report date,NA,NA,NA,NA,43,NA,1,Analamanga
2020-08-18,Observed by report date,NA,NA,NA,NA,22,NA,1,Analamanga
2020-08-19,Observed by report date,NA,NA,NA,NA,18,NA,1,Analamanga
2020-08-20,Observed by report date,NA,NA,NA,NA,52,NA,1,Analamanga
2020-08-21,Observed by report date,NA,NA,NA,NA,39,NA,1,Analamanga
2020-08-22,Observed by report date,NA,NA,NA,NA,13,NA,1,Analamanga
2020-08-23,Observed by report date,NA,NA,NA,NA,22,NA,1,Analamanga
2020-08-24,Observed by report date,NA,NA,NA,NA,29,NA,1,Analamanga
2020-08-25,Observed by report date,NA,NA,NA,NA,26,NA,1,Analamanga
2020-08-26,Observed by report date,NA,NA,NA,NA,36,NA,1,Analamanga
2020-08-27,Observed by report date,NA,NA,NA,NA,26,NA,1,Analamanga
2020-08-28,Observed by report date,NA,NA,NA,NA,50,NA,1,Analamanga
2020-08-29,Observed by report date,NA,NA,NA,NA,64,NA,1,Analamanga
2020-08-30,Observed by report date,NA,NA,NA,NA,26,NA,1,Analamanga
2020-08-31,Observed by report date,NA,NA,NA,NA,15,NA,1,Analamanga
2020-09-01,Observed by report date,NA,NA,NA,NA,37,NA,1,Analamanga
2020-09-02,Observed by report date,NA,NA,NA,NA,39,NA,1,Analamanga
2020-09-03,Observed by report date,NA,NA,NA,NA,35,NA,1,Analamanga
2020-09-04,Observed by report date,NA,NA,NA,NA,50,NA,1,Analamanga
2020-09-05,Observed by report date,NA,NA,NA,NA,46,NA,1,Analamanga
2020-09-06,Observed by report date,NA,NA,NA,NA,30,NA,1,Analamanga
2020-09-07,Observed by report date,NA,NA,NA,NA,17,NA,1,Analamanga
2020-09-08,Observed by report date,NA,NA,NA,NA,44,NA,1,Analamanga
2020-09-09,Observed by report date,NA,NA,NA,NA,22,NA,1,Analamanga
2020-09-10,Observed by report date,NA,NA,NA,NA,53,NA,1,Analamanga
2020-09-11,Observed by report date,NA,NA,NA,NA,23,NA,1,Analamanga
2020-09-12,Observed by report date,NA,NA,NA,NA,13,NA,1,Analamanga
2020-09-13,Observed by report date,NA,NA,NA,NA,12,NA,1,Analamanga
2020-09-14,Observed by report date,NA,NA,NA,NA,9,NA,1,Analamanga
2020-09-15,Observed by report date,NA,NA,NA,NA,6,NA,1,Analamanga
2020-09-16,Observed by report date,NA,NA,NA,NA,26,NA,1,Analamanga
2020-09-17,Observed by report date,NA,NA,NA,NA,10,NA,1,Analamanga
2020-09-18,Observed by report date,NA,NA,NA,NA,34,NA,1,Analamanga
2020-09-19,Observed by report date,NA,NA,NA,NA,25,NA,1,Analamanga
2020-09-20,Observed by report date,NA,NA,NA,NA,26,NA,1,Analamanga
2020-09-21,Observed by report date,NA,NA,NA,NA,12,NA,1,Analamanga
2020-09-22,Observed by report date,NA,NA,NA,NA,6,NA,1,Analamanga
2020-09-23,Observed by report date,NA,NA,NA,NA,8,NA,1,Analamanga
2020-09-24,Observed by report date,NA,NA,NA,NA,5,NA,1,Analamanga
2020-09-25,Observed by report date,NA,NA,NA,NA,10,NA,1,Analamanga
2020-09-26,Observed by report date,NA,NA,NA,NA,3,NA,1,Analamanga
2020-09-27,Observed by report date,NA,NA,NA,NA,4,NA,1,Analamanga
2020-09-28,Observed by report date,NA,NA,NA,NA,6,NA,1,Analamanga
2020-09-29,Observed by report date,NA,NA,NA,NA,2,NA,1,Analamanga
2020-09-30,Observed by report date,NA,NA,NA,NA,10,NA,1,Analamanga
2020-10-01,Observed by report date,NA,NA,NA,NA,6,NA,1,Analamanga
2020-10-02,Observed by report date,NA,NA,NA,NA,14,NA,1,Analamanga
2020-10-03,Observed by report date,NA,NA,NA,NA,15,NA,1,Analamanga
2020-10-04,Observed by report date,NA,NA,NA,NA,3,NA,1,Analamanga
2020-10-05,Observed by report date,NA,NA,NA,NA,3,NA,1,Analamanga
2020-10-06,Observed by report date,NA,NA,NA,NA,3,NA,1,Analamanga
2020-10-07,Observed by report date,NA,NA,NA,NA,19,NA,1,Analamanga
2020-10-08,Observed by report date,NA,NA,NA,NA,3,NA,1,Analamanga
2020-10-09,Observed by report date,NA,NA,NA,NA,5,NA,1,Analamanga
2020-10-10,Observed by report date,NA,NA,NA,NA,2,NA,1,Analamanga
2020-10-11,Observed by report date,NA,NA,NA,NA,10,NA,1,Analamanga
2020-10-12,Observed by report date,NA,NA,NA,NA,0,NA,1,Analamanga
2020-10-13,Observed by report date,NA,NA,NA,NA,2,NA,1,Analamanga
2020-02-12,nowcast,1,1,1,1,1,1,1,Atsinanana
2020-02-13,nowcast,0,0,0,0,0,0,1,Atsinanana
2020-02-14,nowcast,0,0,0,0,0,0,1,Atsinanana
2020-02-15,nowcast,0,0,0,0,0,0,1,Atsinanana
2020-02-16,nowcast,0,0,0,0,0,0,1,Atsinanana
2020-02-17,nowcast,0,1,0,1,0.5,0.5,1,Atsinanana
2020-02-18,nowcast,0,0,0,0,0,0,1,Atsinanana
2020-02-19,nowcast,0,0,0,0,0,0,1,Atsinanana
2020-02-20,nowcast,0,0,0,0,0,0,1,Atsinanana
2020-02-21,nowcast,0,1,0,1,0.5,0.5,1,Atsinanana
2020-02-22,nowcast,0,1,0,0,0,0.2,1,Atsinanana
2020-02-23,nowcast,0,1,0,0,0,0.42857142857142855,1,Atsinanana
2020-02-24,nowcast,0,0,0,0,0,0,1,Atsinanana
2020-02-25,nowcast,0,1,0,0,0,0.4,1,Atsinanana
2020-02-26,nowcast,0,1,0,1,0.5,0.5,1,Atsinanana
2020-02-27,nowcast,0,1,0,0,0,0.2857142857142857,1,Atsinanana
2020-02-28,nowcast,0,1,0,0,0,0.16,1,Atsinanana
2020-02-29,nowcast,0,1,0,0,0,0.14814814814814814,1,Atsinanana
2020-03-01,nowcast,0,1,0,0,0,0.36363636363636365,1,Atsinanana
2020-03-02,nowcast,0,1,0,0,0,0.3181818181818182,1,Atsinanana
2020-03-03,nowcast,0,1,0,0,0,0.3442622950819672,1,Atsinanana
2020-03-04,nowcast,0,1,0,0,0,0.2857142857142857,1,Atsinanana
2020-03-05,nowcast,0,1,0,0,0,0.2765957446808511,1,Atsinanana
2020-03-06,nowcast,0,1,0,0,0,0.3275862068965517,1,Atsinanana
2020-03-07,nowcast,0,1,0,0,0,0.25925925925925924,1,Atsinanana
2020-03-08,nowcast,0,1,0,0,0,0.38953488372093026,1,Atsinanana
2020-03-09,nowcast,0,1,0,0,0,0.33170731707317075,1,Atsinanana
2020-03-10,nowcast,0,1,0,0,0,0.3360655737704918,1,Atsinanana
2020-03-11,nowcast,0,1,0,0,0,0.3972602739726027,1,Atsinanana
2020-03-12,nowcast,0,1,0,0,0,0.37383177570093457,1,Atsinanana
2020-03-13,nowcast,0,1,0,0,0,0.3789173789173789,1,Atsinanana
2020-03-14,nowcast,0,1,0,0,0,0.4793814432989691,1,Atsinanana
2020-03-15,nowcast,0,2,0,0,0,0.5509708737864077,1,Atsinanana
2020-03-16,nowcast,0,2,0,1,1,0.6425339366515838,1,Atsinanana
2020-03-17,nowcast,0,2,0,1,1,0.673866090712743,1,Atsinanana
2020-03-18,nowcast,0,2,0,1,1,0.801255230125523,1,Atsinanana
2020-03-19,nowcast,0,2,0,1,1,0.7595959595959596,1,Atsinanana
2020-03-20,nowcast,0,2,0,1,1,0.896,1,Atsinanana
2020-03-21,nowcast,0,2,0,1,1,1.01,1,Atsinanana
2020-03-22,nowcast,0,2,0,1,1,1.03,1,Atsinanana
2020-03-23,nowcast,0,3,0,1,1,1.022,1,Atsinanana
2020-03-24,nowcast,0,2,0,1,1,0.986,1,Atsinanana
2020-03-25,nowcast,0,2,0,1,1,0.954,1,Atsinanana
2020-03-26,nowcast,0,2,0,1,1,0.85,1,Atsinanana
2020-03-27,nowcast,0,2,0,1,1,0.762,1,Atsinanana
2020-03-28,nowcast,0,2,0,1,1,0.77,1,Atsinanana
2020-03-29,nowcast,0,2,0,1,1,0.826,1,Atsinanana
2020-03-30,nowcast,0,2,0,1,1,0.878,1,Atsinanana
2020-03-31,nowcast,0,2,0,1,1,0.978,1,Atsinanana
2020-04-01,nowcast,0,2,0,1,1,1.026,1,Atsinanana
2020-04-02,nowcast,0,2,0,1,1,1.088,1,Atsinanana
2020-04-03,nowcast,0,2,0,1,1,1.042,1,Atsinanana
2020-04-04,nowcast,0,3,0,1,1,1.082,1,Atsinanana
2020-04-05,nowcast,0,2,0,1,1,1.012,1,Atsinanana
2020-04-06,nowcast,0,2,0,1,1,0.918,1,Atsinanana
2020-04-07,nowcast,0,2,0,1,1,0.738,1,Atsinanana
2020-04-08,nowcast,0,2,0,1,1,0.79,1,Atsinanana
2020-04-09,nowcast,0,2,0,0,0,0.634,1,Atsinanana
2020-04-10,nowcast,0,2,0,1,1,0.666,1,Atsinanana
2020-04-11,nowcast,0,2,0,1,1,0.662,1,Atsinanana
2020-04-12,nowcast,0,2,0,0,0,0.726,1,Atsinanana
2020-04-13,nowcast,0,2,0,1,1,0.754,1,Atsinanana
2020-04-14,nowcast,0,2,0,1,1,0.776,1,Atsinanana
2020-04-15,nowcast,0,2,0,1,1,0.802,1,Atsinanana
2020-04-16,nowcast,0,2,0,1,1,0.834,1,Atsinanana
2020-04-17,nowcast,0,2,0,1,1,0.904,1,Atsinanana
2020-04-18,nowcast,0,2,0,1,1,1.132,1,Atsinanana
2020-04-19,nowcast,0,3,0,1,1,1.38,1,Atsinanana
2020-04-20,nowcast,0,4,0,1,1,1.768,1,Atsinanana
2020-04-21,nowcast,0,4,1,2,2,1.918,1,Atsinanana
2020-04-22,nowcast,0,4,1,2,2,2.168,1,Atsinanana
2020-04-23,nowcast,0,5,1,3,3,2.814,1,Atsinanana
2020-04-24,nowcast,1,6,1,3,3,3.204,1,Atsinanana
2020-04-25,nowcast,0,6,2,4,3,3.712,1,Atsinanana
2020-04-26,nowcast,0,7,3,5,4,4.35,1,Atsinanana
2020-04-27,nowcast,1,8,3,5,5,5.032,1,Atsinanana
2020-04-28,nowcast,2,9,3,6,5,5.554,1,Atsinanana
2020-04-29,nowcast,2,10,3,6,6,6.13,1,Atsinanana
2020-04-30,nowcast,3,11,4,7,7,7.004,1,Atsinanana
2020-05-01,nowcast,3,12,6,9,8,7.744,1,Atsinanana
2020-05-02,nowcast,4,13,5,9,9,8.852,1,Atsinanana
2020-05-03,nowcast,5,15,6,10,10,10.022,1,Atsinanana
2020-05-04,nowcast,5,16,7,12,11,11.274,1,Atsinanana
2020-05-05,nowcast,6,18,11,15,13,12.716,1,Atsinanana
2020-05-06,nowcast,9,21,9,14,14,13.966,1,Atsinanana
2020-05-07,nowcast,10,23,10,16,15,15.77,1,Atsinanana
2020-05-08,nowcast,10,23,13,18,17,17.386,1,Atsinanana
2020-05-09,nowcast,10,24,13,19,18,18.46,1,Atsinanana
2020-05-10,nowcast,12,26,14,20,20,19.698,1,Atsinanana
2020-05-11,nowcast,14,28,16,22,21,21.28,1,Atsinanana
2020-05-12,nowcast,15,29,17,23,22,22.4,1,Atsinanana
2020-05-13,nowcast,16,31,18,24,23,23.292,1,Atsinanana
2020-05-14,nowcast,17,31,19,25,24,23.938,1,Atsinanana
2020-05-15,nowcast,17,32,20,26,24,24.268,1,Atsinanana
2020-05-16,nowcast,17,32,20,25,24,24.194,1,Atsinanana
2020-05-17,nowcast,15,30,19,25,24,23.956,1,Atsinanana
2020-05-18,nowcast,15,30,18,24,23,23.336,1,Atsinanana
2020-05-19,nowcast,15,30,18,24,22,22.52,1,Atsinanana
2020-05-20,nowcast,16,29,18,23,22,21.996,1,Atsinanana
2020-05-21,nowcast,14,28,18,23,22,21.424,1,Atsinanana
2020-05-22,nowcast,15,29,17,22,21,21.116,1,Atsinanana
2020-05-23,nowcast,13,28,17,22,21,20.824,1,Atsinanana
2020-05-24,nowcast,13,28,18,23,20,20.314,1,Atsinanana
2020-05-25,nowcast,12,26,14,20,20,19.896,1,Atsinanana
2020-05-26,nowcast,12,26,15,20,19,19.5,1,Atsinanana
2020-05-27,nowcast,12,25,16,21,19,18.91,1,Atsinanana
2020-05-28,nowcast,11,25,14,20,19,18.77,1,Atsinanana
2020-05-29,nowcast,10,24,16,21,18,18.388,1,Atsinanana
2020-05-30,nowcast,11,24,14,19,18,18.398,1,Atsinanana
2020-05-31,nowcast,11,24,14,19,17,17.37,1,Atsinanana
2020-06-01,nowcast,11,23,12,17,16,16.556,1,Atsinanana
2020-06-02,nowcast,9,21,11,16,15,15.264,1,Atsinanana
2020-06-03,nowcast,8,20,10,15,14,14.252,1,Atsinanana
2020-06-04,nowcast,6,18,9,13,13,12.69,1,Atsinanana
2020-06-05,nowcast,5,16,7,11,10,10.81,1,Atsinanana
2020-06-06,nowcast,4,13,5,9,9,8.932,1,Atsinanana
2020-06-07,nowcast,3,11,4,7,7,7.15,1,Atsinanana
2020-06-08,nowcast,3,10,3,6,6,6.198,1,Atsinanana
2020-06-09,nowcast,2,9,2,5,5,5.298,1,Atsinanana
2020-06-10,nowcast,1,8,4,6,5,5.248,1,Atsinanana
2020-06-11,nowcast,2,8,3,5,5,4.858,1,Atsinanana
2020-06-12,nowcast,0,7,2,5,5,4.746,1,Atsinanana
2020-06-13,nowcast,1,7,3,5,4,4.38,1,Atsinanana
2020-06-14,nowcast,1,7,2,4,4,4.116,1,Atsinanana
2020-06-15,nowcast,0,6,1,3,3,3.464,1,Atsinanana
2020-06-16,nowcast,0,5,1,3,3,2.958,1,Atsinanana
2020-06-17,nowcast,0,4,0,2,2,2.478,1,Atsinanana
2020-06-18,nowcast,0,4,1,2,2,1.872,1,Atsinanana
2020-06-19,nowcast,0,3,0,1,1,1.326,1,Atsinanana
2020-06-20,nowcast,0,2,0,1,1,1.066,1,Atsinanana
2020-06-21,nowcast,0,2,0,1,1,1.02,1,Atsinanana
2020-06-22,nowcast,0,2,0,1,1,0.894,1,Atsinanana
2020-06-23,nowcast,0,2,0,1,1,0.852,1,Atsinanana
2020-06-24,nowcast,0,2,0,1,1,0.926,1,Atsinanana
2020-06-25,nowcast,0,2,0,1,1,0.996,1,Atsinanana
2020-06-26,nowcast,0,2,0,1,1,1.006,1,Atsinanana
2020-06-27,nowcast,0,2,0,1,1,1.1,1,Atsinanana
2020-06-28,nowcast,0,3,0,1,1,1.228,1,Atsinanana
2020-06-29,nowcast,0,3,0,1,1,1.326,1,Atsinanana
2020-06-30,nowcast,0,3,0,1,1,1.322,1,Atsinanana
2020-07-01,nowcast,0,3,0,1,1,1.356,1,Atsinanana
2020-07-02,nowcast,0,3,0,1,1,1.326,1,Atsinanana
2020-07-03,nowcast,0,3,0,1,1,1.442,1,Atsinanana
2020-07-04,nowcast,0,3,0,1,1,1.446,1,Atsinanana
2020-07-05,nowcast,0,3,1,2,2,1.758,1,Atsinanana
2020-07-06,nowcast,0,4,1,2,2,1.848,1,Atsinanana
2020-07-07,nowcast,0,4,1,2,2,2.034,1,Atsinanana
2020-07-08,nowcast,0,4,1,2,2,2.264,1,Atsinanana
2020-07-09,nowcast,0,5,0,2,2,2.382,1,Atsinanana
2020-07-10,nowcast,1,5,0,2,2,2.54,1,Atsinanana
2020-07-11,nowcast,0,4,2,3,2,2.542,1,Atsinanana
2020-07-12,nowcast,0,4,2,3,2,2.5,1,Atsinanana
2020-07-13,nowcast,0,4,1,2,2,2.284,1,Atsinanana
2020-07-14,nowcast,0,4,1,2,2,1.974,1,Atsinanana
2020-07-15,nowcast,0,3,1,2,2,1.778,1,Atsinanana
2020-07-16,nowcast,0,3,0,1,1,1.514,1,Atsinanana
2020-07-17,nowcast,0,3,0,1,1,1.452,1,Atsinanana
2020-07-18,nowcast,0,3,0,1,1,1.41,1,Atsinanana
2020-07-19,nowcast,0,3,0,1,1,1.422,1,Atsinanana
2020-07-20,nowcast,0,3,0,1,1,1.558,1,Atsinanana
2020-07-21,nowcast,0,3,0,1,1,1.508,1,Atsinanana
2020-07-22,nowcast,0,3,0,1,1,1.522,1,Atsinanana
2020-07-23,nowcast,0,3,0,1,1,1.522,1,Atsinanana
2020-07-24,nowcast,0,3,0,1,1,1.354,1,Atsinanana
2020-07-25,nowcast,0,3,0,1,1,1.3,1,Atsinanana
2020-07-26,nowcast,0,3,0,1,1,1.314,1,Atsinanana
2020-07-27,nowcast,0,2,0,1,1,1.158,1,Atsinanana
2020-07-28,nowcast,0,2,0,1,1,0.9,1,Atsinanana
2020-07-29,nowcast,0,2,0,1,1,0.806,1,Atsinanana
2020-07-30,nowcast,0,2,0,1,1,0.738,1,Atsinanana
2020-07-31,nowcast,0,2,0,0,0,0.658,1,Atsinanana
2020-08-01,nowcast,0,2,0,0,0,0.616,1,Atsinanana
2020-08-02,nowcast,0,2,0,0,0,0.63,1,Atsinanana
2020-08-03,nowcast,0,2,0,0,0,0.546,1,Atsinanana
2020-08-04,nowcast,0,1,0,0,0,0.522,1,Atsinanana
2020-08-05,nowcast,0,2,0,0,0,0.538,1,Atsinanana
2020-08-06,nowcast,0,1,0,0,0,0.552,1,Atsinanana
2020-08-07,nowcast,0,2,0,0,0,0.628,1,Atsinanana
2020-08-08,nowcast,0,2,0,0,0,0.594,0.9999999524691642,Atsinanana
2020-08-09,nowcast,0,2,0,1,1,0.682,0.9999998900809973,Atsinanana
2020-08-10,nowcast,0,2,0,1,1,0.706,0.9999998082401206,Atsinanana
2020-08-11,nowcast,0,2,0,1,1,0.712,0.9999995630635224,Atsinanana
2020-08-12,nowcast,0,2,0,1,1,0.816,0.9999985361857061,Atsinanana
2020-08-13,nowcast,0,2,0,1,1,0.834,0.9999946996867758,Atsinanana
2020-08-14,nowcast,0,2,0,1,1,0.832,0.9999896786817806,Atsinanana
2020-08-15,nowcast,0,2,0,1,1,0.798,0.999983311656616,Atsinanana
2020-08-16,nowcast,0,2,0,1,1,0.73,0.9999754534434963,Atsinanana
2020-08-17,nowcast,0,2,0,1,1,0.756,0.9999652839414904,Atsinanana
2020-08-18,nowcast,0,2,0,1,1,0.772,0.9999519608868872,Atsinanana
2020-08-19,nowcast,0,2,0,1,1,0.774,0.9999346825606947,Atsinanana
2020-08-20,nowcast,0,2,0,1,1,0.76,0.9999122544923738,Atsinanana
2020-08-21,nowcast,0,2,0,1,1,0.764,0.9998838083659205,Atsinanana
2020-08-22,nowcast,0,2,0,0,0,0.638,0.9998461084632183,Atsinanana
2020-08-23,nowcast,0,2,0,0,0,0.59,0.9997962616125154,Atsinanana
2020-08-24,nowcast,0,2,0,0,0,0.58,0.999732505284312,Atsinanana
2020-08-25,nowcast,0,2,0,0,0,0.534,0.99964795989314,Atsinanana
2020-08-26,nowcast,0,2,0,0,0,0.548,0.9995386520111158,Atsinanana
2020-08-27,nowcast,0,1,0,0,0,0.484,0.9993937013306663,Atsinanana
2020-08-28,nowcast,0,1,0,0,0,0.488,0.9992101064367466,Atsinanana
2020-08-29,nowcast,0,1,0,0,0,0.424,0.9989762305758464,Atsinanana
2020-08-30,nowcast,0,1,0,0,0,0.334,0.9986674158622565,Atsinanana
2020-08-31,nowcast,0,1,0,0,0,0.198,0.9982745000969475,Atsinanana
2020-09-01,nowcast,0,1,0,0,0,0.138,0.9977722138809411,Atsinanana
2020-09-02,nowcast,0,0,0,0,0,0.066,0.9971290092095796,Atsinanana
2020-09-03,nowcast,0,0,0,0,0,0.038,0.9963081530623757,Atsinanana
2020-09-04,nowcast,0,0,0,0,0,0.018,0.9952579388064927,Atsinanana
2020-09-05,nowcast,0,0,0,0,0,0.022,0.9939076964779031,Atsinanana
2020-09-06,nowcast,0,0,0,0,0,0.032,0.9921765571717747,Atsinanana
2020-09-07,nowcast,0,0,0,0,0,0.038,0.9899864788139513,Atsinanana
2020-09-08,nowcast,0,0,0,0,0,0.064,0.987277661813626,Atsinanana
2020-09-09,nowcast,0,0,0,0,0,0.098,0.983973072520686,Atsinanana
2020-09-10,nowcast,0,0,0,0,0,0.104,0.980030266401373,Atsinanana
2020-09-11,nowcast,0,0,0,0,0,0.138,0.9752514875522127,Atsinanana
2020-09-12,nowcast,0,0,0,0,0,0.128,0.9694567447681408,Atsinanana
2020-09-13,nowcast,0,1,0,0,0,0.23647294589178355,0.9644097784515612,Atsinanana
2020-09-14,nowcast,0,1,0,0,0,0.23446893787575152,0.9558389895973011,Atsinanana
2020-09-15,nowcast,0,1,0,0,0,0.3847695390781563,0.9453466657499797,Atsinanana
2020-09-16,nowcast,0,1,0,0,0,0.3963782696177062,0.9364787533552652,Atsinanana
2020-09-17,nowcast,0,1,0,0,0,0.6016096579476862,0.9216273924095695,Atsinanana
2020-09-18,nowcast,0,2,0,0,0,0.676056338028169,0.9042804485460724,Atsinanana
2020-09-19,nowcast,0,2,0,0,0,0.7082494969818913,0.8836679401076164,Atsinanana
2020-09-20,nowcast,0,2,0,0,0,0.7642276422764228,0.8677033579815705,Atsinanana
2020-09-21,nowcast,0,2,0,0,0,0.9059304703476483,0.8433496977063492,Atsinanana
2020-09-22,nowcast,0,4,0,0,0,1.5081967213114753,0.8107891274465097,Atsinanana
2020-09-23,nowcast,0,5,0,0,0,1.7777777777777777,0.7751642395195695,Atsinanana
2020-09-24,nowcast,0,6,0,1,1,2.1345755693581783,0.7359372598363451,Atsinanana
2020-09-25,nowcast,0,5,0,1,1,2.2635983263598325,0.6938729466093841,Atsinanana
2020-09-26,nowcast,0,7,0,1,1,2.5053763440860215,0.6567196477424201,Atsinanana
2020-09-27,nowcast,0,9,0,1,1,2.9148471615720526,0.6039493346896475,Atsinanana
2020-09-28,nowcast,0,10,0,2,2,3.6361607142857144,0.5476516726639009,Atsinanana
2020-09-29,nowcast,0,10,0,2,2,4.178654292343388,0.49129422874582146,Atsinanana
2020-09-30,nowcast,0,13,0,3,3,5.2,0.4248072369656591,Atsinanana
2020-03-20,Observed by report date,NA,NA,NA,NA,0,NA,1,Atsinanana
2020-03-21,Observed by report date,NA,NA,NA,NA,0,NA,1,Atsinanana
2020-03-22,Observed by report date,NA,NA,NA,NA,0,NA,1,Atsinanana
2020-03-23,Observed by report date,NA,NA,NA,NA,0,NA,1,Atsinanana
2020-03-24,Observed by report date,NA,NA,NA,NA,0,NA,1,Atsinanana
2020-03-25,Observed by report date,NA,NA,NA,NA,0,NA,1,Atsinanana
2020-03-26,Observed by report date,NA,NA,NA,NA,0,NA,1,Atsinanana
2020-03-27,Observed by report date,NA,NA,NA,NA,0,NA,1,Atsinanana
2020-03-28,Observed by report date,NA,NA,NA,NA,6,NA,1,Atsinanana
2020-03-29,Observed by report date,NA,NA,NA,NA,0,NA,1,Atsinanana
2020-03-30,Observed by report date,NA,NA,NA,NA,2,NA,1,Atsinanana
2020-03-31,Observed by report date,NA,NA,NA,NA,0,NA,1,Atsinanana
2020-04-01,Observed by report date,NA,NA,NA,NA,1,NA,1,Atsinanana
2020-04-02,Observed by report date,NA,NA,NA,NA,0,NA,1,Atsinanana
2020-04-03,Observed by report date,NA,NA,NA,NA,0,NA,1,Atsinanana
2020-04-04,Observed by report date,NA,NA,NA,NA,1,NA,1,Atsinanana
2020-04-05,Observed by report date,NA,NA,NA,NA,0,NA,1,Atsinanana
2020-04-06,Observed by report date,NA,NA,NA,NA,0,NA,1,Atsinanana
2020-04-07,Observed by report date,NA,NA,NA,NA,3,NA,1,Atsinanana
2020-04-08,Observed by report date,NA,NA,NA,NA,0,NA,1,Atsinanana
2020-04-09,Observed by report date,NA,NA,NA,NA,0,NA,1,Atsinanana
2020-04-10,Observed by report date,NA,NA,NA,NA,6,NA,1,Atsinanana
2020-04-11,Observed by report date,NA,NA,NA,NA,0,NA,1,Atsinanana
2020-04-12,Observed by report date,NA,NA,NA,NA,1,NA,1,Atsinanana
2020-04-13,Observed by report date,NA,NA,NA,NA,0,NA,1,Atsinanana
2020-04-14,Observed by report date,NA,NA,NA,NA,0,NA,1,Atsinanana
2020-04-15,Observed by report date,NA,NA,NA,NA,0,NA,1,Atsinanana
2020-04-16,Observed by report date,NA,NA,NA,NA,1,NA,1,Atsinanana
2020-04-17,Observed by report date,NA,NA,NA,NA,3,NA,1,Atsinanana
2020-04-18,Observed by report date,NA,NA,NA,NA,1,NA,1,Atsinanana
2020-04-19,Observed by report date,NA,NA,NA,NA,0,NA,1,Atsinanana
2020-04-20,Observed by report date,NA,NA,NA,NA,0,NA,1,Atsinanana
2020-04-21,Observed by report date,NA,NA,NA,NA,0,NA,1,Atsinanana
2020-04-22,Observed by report date,NA,NA,NA,NA,0,NA,1,Atsinanana
2020-04-23,Observed by report date,NA,NA,NA,NA,0,NA,1,Atsinanana
2020-04-24,Observed by report date,NA,NA,NA,NA,0,NA,1,Atsinanana
2020-04-25,Observed by report date,NA,NA,NA,NA,1,NA,1,Atsinanana
2020-04-26,Observed by report date,NA,NA,NA,NA,1,NA,1,Atsinanana
2020-04-27,Observed by report date,NA,NA,NA,NA,0,NA,1,Atsinanana
2020-04-28,Observed by report date,NA,NA,NA,NA,0,NA,1,Atsinanana
2020-04-29,Observed by report date,NA,NA,NA,NA,0,NA,1,Atsinanana
2020-04-30,Observed by report date,NA,NA,NA,NA,0,NA,1,Atsinanana
2020-05-01,Observed by report date,NA,NA,NA,NA,0,NA,1,Atsinanana
2020-05-02,Observed by report date,NA,NA,NA,NA,2,NA,1,Atsinanana
2020-05-03,Observed by report date,NA,NA,NA,NA,9,NA,1,Atsinanana
2020-05-04,Observed by report date,NA,NA,NA,NA,0,NA,1,Atsinanana
2020-05-05,Observed by report date,NA,NA,NA,NA,0,NA,1,Atsinanana
2020-05-06,Observed by report date,NA,NA,NA,NA,6,NA,1,Atsinanana
2020-05-07,Observed by report date,NA,NA,NA,NA,3,NA,1,Atsinanana
2020-05-08,Observed by report date,NA,NA,NA,NA,2,NA,1,Atsinanana
2020-05-09,Observed by report date,NA,NA,NA,NA,0,NA,1,Atsinanana
2020-05-10,Observed by report date,NA,NA,NA,NA,2,NA,1,Atsinanana
2020-05-11,Observed by report date,NA,NA,NA,NA,11,NA,1,Atsinanana
2020-05-12,Observed by report date,NA,NA,NA,NA,6,NA,1,Atsinanana
2020-05-13,Observed by report date,NA,NA,NA,NA,15,NA,1,Atsinanana
2020-05-14,Observed by report date,NA,NA,NA,NA,5,NA,1,Atsinanana
2020-05-15,Observed by report date,NA,NA,NA,NA,8,NA,1,Atsinanana
2020-05-16,Observed by report date,NA,NA,NA,NA,19,NA,1,Atsinanana
2020-05-17,Observed by report date,NA,NA,NA,NA,21,NA,1,Atsinanana
2020-05-18,Observed by report date,NA,NA,NA,NA,17,NA,1,Atsinanana
2020-05-19,Observed by report date,NA,NA,NA,NA,2,NA,1,Atsinanana
2020-05-20,Observed by report date,NA,NA,NA,NA,42,NA,1,Atsinanana
2020-05-21,Observed by report date,NA,NA,NA,NA,24,NA,1,Atsinanana
2020-05-22,Observed by report date,NA,NA,NA,NA,38,NA,1,Atsinanana
2020-05-23,Observed by report date,NA,NA,NA,NA,40,NA,1,Atsinanana
2020-05-24,Observed by report date,NA,NA,NA,NA,20,NA,1,Atsinanana
2020-05-25,Observed by report date,NA,NA,NA,NA,11,NA,1,Atsinanana
2020-05-26,Observed by report date,NA,NA,NA,NA,20,NA,1,Atsinanana
2020-05-27,Observed by report date,NA,NA,NA,NA,17,NA,1,Atsinanana
2020-05-28,Observed by report date,NA,NA,NA,NA,29,NA,1,Atsinanana
2020-05-29,Observed by report date,NA,NA,NA,NA,39,NA,1,Atsinanana
2020-05-30,Observed by report date,NA,NA,NA,NA,27,NA,1,Atsinanana
2020-05-31,Observed by report date,NA,NA,NA,NA,3,NA,1,Atsinanana
2020-06-01,Observed by report date,NA,NA,NA,NA,23,NA,1,Atsinanana
2020-06-02,Observed by report date,NA,NA,NA,NA,5,NA,1,Atsinanana
2020-06-03,Observed by report date,NA,NA,NA,NA,33,NA,1,Atsinanana
2020-06-04,Observed by report date,NA,NA,NA,NA,28,NA,1,Atsinanana
2020-06-05,Observed by report date,NA,NA,NA,NA,7,NA,1,Atsinanana
2020-06-06,Observed by report date,NA,NA,NA,NA,22,NA,1,Atsinanana
2020-06-07,Observed by report date,NA,NA,NA,NA,11,NA,1,Atsinanana
2020-06-08,Observed by report date,NA,NA,NA,NA,42,NA,1,Atsinanana
2020-06-09,Observed by report date,NA,NA,NA,NA,40,NA,1,Atsinanana
2020-06-10,Observed by report date,NA,NA,NA,NA,18,NA,1,Atsinanana
2020-06-11,Observed by report date,NA,NA,NA,NA,22,NA,1,Atsinanana
2020-06-12,Observed by report date,NA,NA,NA,NA,0,NA,1,Atsinanana
2020-06-13,Observed by report date,NA,NA,NA,NA,10,NA,1,Atsinanana
2020-06-14,Observed by report date,NA,NA,NA,NA,5,NA,1,Atsinanana
2020-06-15,Observed by report date,NA,NA,NA,NA,6,NA,1,Atsinanana
2020-06-16,Observed by report date,NA,NA,NA,NA,1,NA,1,Atsinanana
2020-06-17,Observed by report date,NA,NA,NA,NA,2,NA,1,Atsinanana
2020-06-18,Observed by report date,NA,NA,NA,NA,17,NA,1,Atsinanana
2020-06-19,Observed by report date,NA,NA,NA,NA,2,NA,1,Atsinanana
2020-06-20,Observed by report date,NA,NA,NA,NA,4,NA,1,Atsinanana
2020-06-21,Observed by report date,NA,NA,NA,NA,21,NA,1,Atsinanana
2020-06-22,Observed by report date,NA,NA,NA,NA,0,NA,1,Atsinanana
2020-06-23,Observed by report date,NA,NA,NA,NA,1,NA,1,Atsinanana
2020-06-24,Observed by report date,NA,NA,NA,NA,3,NA,1,Atsinanana
2020-06-25,Observed by report date,NA,NA,NA,NA,0,NA,1,Atsinanana
2020-06-26,Observed by report date,NA,NA,NA,NA,2,NA,1,Atsinanana
2020-06-27,Observed by report date,NA,NA,NA,NA,2,NA,1,Atsinanana
2020-06-28,Observed by report date,NA,NA,NA,NA,0,NA,1,Atsinanana
2020-06-29,Observed by report date,NA,NA,NA,NA,0,NA,1,Atsinanana
2020-06-30,Observed by report date,NA,NA,NA,NA,1,NA,1,Atsinanana
2020-07-01,Observed by report date,NA,NA,NA,NA,0,NA,1,Atsinanana
2020-07-02,Observed by report date,NA,NA,NA,NA,0,NA,1,Atsinanana
2020-07-03,Observed by report date,NA,NA,NA,NA,0,NA,1,Atsinanana
2020-07-04,Observed by report date,NA,NA,NA,NA,2,NA,1,Atsinanana
2020-07-05,Observed by report date,NA,NA,NA,NA,4,NA,1,Atsinanana
2020-07-06,Observed by report date,NA,NA,NA,NA,0,NA,1,Atsinanana
2020-07-07,Observed by report date,NA,NA,NA,NA,1,NA,1,Atsinanana
2020-07-08,Observed by report date,NA,NA,NA,NA,2,NA,1,Atsinanana
2020-07-09,Observed by report date,NA,NA,NA,NA,0,NA,1,Atsinanana
2020-07-10,Observed by report date,NA,NA,NA,NA,0,NA,1,Atsinanana
2020-07-11,Observed by report date,NA,NA,NA,NA,0,NA,1,Atsinanana
2020-07-12,Observed by report date,NA,NA,NA,NA,0,NA,1,Atsinanana
2020-07-13,Observed by report date,NA,NA,NA,NA,1,NA,1,Atsinanana
2020-07-14,Observed by report date,NA,NA,NA,NA,1,NA,1,Atsinanana
2020-07-15,Observed by report date,NA,NA,NA,NA,2,NA,1,Atsinanana
2020-07-16,Observed by report date,NA,NA,NA,NA,5,NA,1,Atsinanana
2020-07-17,Observed by report date,NA,NA,NA,NA,1,NA,1,Atsinanana
2020-07-18,Observed by report date,NA,NA,NA,NA,9,NA,1,Atsinanana
2020-07-19,Observed by report date,NA,NA,NA,NA,6,NA,1,Atsinanana
2020-07-20,Observed by report date,NA,NA,NA,NA,0,NA,1,Atsinanana
2020-07-21,Observed by report date,NA,NA,NA,NA,1,NA,1,Atsinanana
2020-07-22,Observed by report date,NA,NA,NA,NA,0,NA,1,Atsinanana
2020-07-23,Observed by report date,NA,NA,NA,NA,2,NA,1,Atsinanana
2020-07-24,Observed by report date,NA,NA,NA,NA,2,NA,1,Atsinanana
2020-07-25,Observed by report date,NA,NA,NA,NA,0,NA,1,Atsinanana
2020-07-26,Observed by report date,NA,NA,NA,NA,1,NA,1,Atsinanana
2020-07-27,Observed by report date,NA,NA,NA,NA,0,NA,1,Atsinanana
2020-07-28,Observed by report date,NA,NA,NA,NA,4,NA,1,Atsinanana
2020-07-29,Observed by report date,NA,NA,NA,NA,3,NA,1,Atsinanana
2020-07-30,Observed by report date,NA,NA,NA,NA,2,NA,1,Atsinanana
2020-07-31,Observed by report date,NA,NA,NA,NA,1,NA,1,Atsinanana
2020-08-01,Observed by report date,NA,NA,NA,NA,3,NA,1,Atsinanana
2020-08-02,Observed by report date,NA,NA,NA,NA,2,NA,1,Atsinanana
2020-08-03,Observed by report date,NA,NA,NA,NA,1,NA,1,Atsinanana
2020-08-04,Observed by report date,NA,NA,NA,NA,1,NA,1,Atsinanana
2020-08-05,Observed by report date,NA,NA,NA,NA,0,NA,1,Atsinanana
2020-08-06,Observed by report date,NA,NA,NA,NA,1,NA,1,Atsinanana
2020-08-07,Observed by report date,NA,NA,NA,NA,1,NA,1,Atsinanana
2020-08-08,Observed by report date,NA,NA,NA,NA,1,NA,1,Atsinanana
2020-08-09,Observed by report date,NA,NA,NA,NA,0,NA,1,Atsinanana
2020-08-10,Observed by report date,NA,NA,NA,NA,0,NA,1,Atsinanana
2020-08-11,Observed by report date,NA,NA,NA,NA,1,NA,1,Atsinanana
2020-08-12,Observed by report date,NA,NA,NA,NA,1,NA,1,Atsinanana
2020-08-13,Observed by report date,NA,NA,NA,NA,0,NA,1,Atsinanana
2020-08-14,Observed by report date,NA,NA,NA,NA,0,NA,1,Atsinanana
2020-08-15,Observed by report date,NA,NA,NA,NA,0,NA,1,Atsinanana
2020-08-16,Observed by report date,NA,NA,NA,NA,0,NA,1,Atsinanana
2020-08-17,Observed by report date,NA,NA,NA,NA,0,NA,1,Atsinanana
2020-08-18,Observed by report date,NA,NA,NA,NA,3,NA,1,Atsinanana
2020-08-19,Observed by report date,NA,NA,NA,NA,1,NA,1,Atsinanana
2020-08-20,Observed by report date,NA,NA,NA,NA,0,NA,1,Atsinanana
2020-08-21,Observed by report date,NA,NA,NA,NA,1,NA,1,Atsinanana
2020-08-22,Observed by report date,NA,NA,NA,NA,1,NA,1,Atsinanana
2020-08-23,Observed by report date,NA,NA,NA,NA,0,NA,1,Atsinanana
2020-08-24,Observed by report date,NA,NA,NA,NA,0,NA,1,Atsinanana
2020-08-25,Observed by report date,NA,NA,NA,NA,1,NA,1,Atsinanana
2020-08-26,Observed by report date,NA,NA,NA,NA,3,NA,1,Atsinanana
2020-08-27,Observed by report date,NA,NA,NA,NA,1,NA,1,Atsinanana
2020-08-28,Observed by report date,NA,NA,NA,NA,0,NA,1,Atsinanana
2020-08-29,Observed by report date,NA,NA,NA,NA,1,NA,1,Atsinanana
2020-08-30,Observed by report date,NA,NA,NA,NA,0,NA,1,Atsinanana
2020-08-31,Observed by report date,NA,NA,NA,NA,0,NA,1,Atsinanana
2020-09-01,Observed by report date,NA,NA,NA,NA,0,NA,1,Atsinanana
2020-09-02,Observed by report date,NA,NA,NA,NA,3,NA,1,Atsinanana
2020-09-03,Observed by report date,NA,NA,NA,NA,0,NA,1,Atsinanana
2020-09-04,Observed by report date,NA,NA,NA,NA,3,NA,1,Atsinanana
2020-09-05,Observed by report date,NA,NA,NA,NA,0,NA,1,Atsinanana
2020-09-06,Observed by report date,NA,NA,NA,NA,0,NA,1,Atsinanana
2020-09-07,Observed by report date,NA,NA,NA,NA,0,NA,1,Atsinanana
2020-09-08,Observed by report date,NA,NA,NA,NA,0,NA,1,Atsinanana
2020-09-09,Observed by report date,NA,NA,NA,NA,0,NA,1,Atsinanana
2020-09-10,Observed by report date,NA,NA,NA,NA,0,NA,1,Atsinanana
2020-09-11,Observed by report date,NA,NA,NA,NA,0,NA,1,Atsinanana
2020-09-12,Observed by report date,NA,NA,NA,NA,0,NA,1,Atsinanana
2020-09-13,Observed by report date,NA,NA,NA,NA,0,NA,1,Atsinanana
2020-09-14,Observed by report date,NA,NA,NA,NA,0,NA,1,Atsinanana
2020-09-15,Observed by report date,NA,NA,NA,NA,0,NA,1,Atsinanana
2020-09-16,Observed by report date,NA,NA,NA,NA,0,NA,1,Atsinanana
2020-09-17,Observed by report date,NA,NA,NA,NA,0,NA,1,Atsinanana
2020-09-18,Observed by report date,NA,NA,NA,NA,0,NA,1,Atsinanana
2020-09-19,Observed by report date,NA,NA,NA,NA,0,NA,1,Atsinanana
2020-09-20,Observed by report date,NA,NA,NA,NA,0,NA,1,Atsinanana
2020-09-21,Observed by report date,NA,NA,NA,NA,0,NA,1,Atsinanana
2020-09-22,Observed by report date,NA,NA,NA,NA,0,NA,1,Atsinanana
2020-09-23,Observed by report date,NA,NA,NA,NA,0,NA,1,Atsinanana
2020-09-24,Observed by report date,NA,NA,NA,NA,0,NA,1,Atsinanana
2020-09-25,Observed by report date,NA,NA,NA,NA,0,NA,1,Atsinanana
2020-09-26,Observed by report date,NA,NA,NA,NA,0,NA,1,Atsinanana
2020-09-27,Observed by report date,NA,NA,NA,NA,0,NA,1,Atsinanana
2020-09-28,Observed by report date,NA,NA,NA,NA,0,NA,1,Atsinanana
2020-09-29,Observed by report date,NA,NA,NA,NA,0,NA,1,Atsinanana
2020-09-30,Observed by report date,NA,NA,NA,NA,0,NA,1,Atsinanana
2020-10-01,Observed by report date,NA,NA,NA,NA,0,NA,1,Atsinanana
2020-10-02,Observed by report date,NA,NA,NA,NA,0,NA,1,Atsinanana
2020-10-03,Observed by report date,NA,NA,NA,NA,0,NA,1,Atsinanana
2020-10-04,Observed by report date,NA,NA,NA,NA,0,NA,1,Atsinanana
2020-10-05,Observed by report date,NA,NA,NA,NA,0,NA,1,Atsinanana
2020-10-06,Observed by report date,NA,NA,NA,NA,0,NA,1,Atsinanana
2020-10-07,Observed by report date,NA,NA,NA,NA,0,NA,1,Atsinanana
2020-10-08,Observed by report date,NA,NA,NA,NA,0,NA,1,Atsinanana
2020-10-09,Observed by report date,NA,NA,NA,NA,0,NA,1,Atsinanana
2020-10-10,Observed by report date,NA,NA,NA,NA,1,NA,1,Atsinanana
2020-10-11,Observed by report date,NA,NA,NA,NA,0,NA,1,Atsinanana
2020-10-12,Observed by report date,NA,NA,NA,NA,0,NA,1,Atsinanana
2020-10-13,Observed by report date,NA,NA,NA,NA,0,NA,1,Atsinanana
2020-02-05,nowcast,1,1,1,1,1,1,1,National
2020-02-06,nowcast,0,0,0,0,0,0,1,National
2020-02-07,nowcast,0,1,0,1,0.5,0.5,1,National
2020-02-08,nowcast,0,0,0,0,0,0,1,National
2020-02-09,nowcast,0,0,0,0,0,0,1,National
2020-02-10,nowcast,0,1,0,1,0.5,0.5,1,National
2020-02-11,nowcast,0,0,0,0,0,0,1,National
2020-02-12,nowcast,0,0,0,0,0,0,1,National
2020-02-13,nowcast,0,1,0,0,0,0.3333333333333333,1,National
2020-02-14,nowcast,0,1,0,0,0,0.14285714285714285,1,National
2020-02-15,nowcast,0,1,0,0,0,0.4444444444444444,1,National
2020-02-16,nowcast,0,1,0,0,0,0.25,1,National
2020-02-17,nowcast,0,1,0,0,0,0.3333333333333333,1,National
2020-02-18,nowcast,0,1,0,0,0,0.21052631578947367,1,National
2020-02-19,nowcast,0,1,0,0,0,0.2692307692307692,1,National
2020-02-20,nowcast,0,1,0,0,0,0.34375,1,National
2020-02-21,nowcast,0,1,0,0,0,0.43478260869565216,1,National
2020-02-22,nowcast,0,1,0,0,0,0.21818181818181817,1,National
2020-02-23,nowcast,0,1,0,0,0,0.37681159420289856,1,National
2020-02-24,nowcast,0,1,0,0,0,0.24675324675324675,1,National
2020-02-25,nowcast,0,1,0,0,0,0.4,1,National
2020-02-26,nowcast,0,1,0,0,0,0.35964912280701755,1,National
2020-02-27,nowcast,0,1,0,0,0,0.4605263157894737,1,National
2020-02-28,nowcast,0,1,0,0,0,0.391304347826087,1,National
2020-02-29,nowcast,0,1,0,0,0,0.38288288288288286,1,National
2020-03-01,nowcast,0,1,0,0,0,0.46946564885496184,1,National
2020-03-02,nowcast,0,1,0,0,0,0.4602649006622517,1,National
2020-03-03,nowcast,0,1,0,0,0,0.53125,1,National
2020-03-04,nowcast,0,2,0,0,0,0.6310432569974554,1,National
2020-03-05,nowcast,0,2,0,1,1,0.668235294117647,1,National
2020-03-06,nowcast,0,2,0,1,1,0.773542600896861,1,National
2020-03-07,nowcast,0,2,0,1,1,1.0085653104925054,1,National
2020-03-08,nowcast,0,3,0,1,1,1.1484536082474226,1,National
2020-03-09,nowcast,0,3,0,1,1,1.2550607287449393,1,National
2020-03-10,nowcast,0,3,0,1,1,1.5582329317269077,1,National
2020-03-11,nowcast,0,3,1,2,2,1.752,1,National
2020-03-12,nowcast,0,4,1,2,2,2.118,1,National
2020-03-13,nowcast,0,5,0,2,2,2.64,1,National
2020-03-14,nowcast,0,5,1,3,3,2.942,1,National
2020-03-15,nowcast,1,6,1,3,3,3.3,1,National
2020-03-16,nowcast,0,6,2,4,3,3.554,1,National
2020-03-17,nowcast,0,6,2,4,4,3.812,1,National
2020-03-18,nowcast,1,7,2,4,4,4.052,1,National
2020-03-19,nowcast,1,7,2,4,4,4.104,1,National
2020-03-20,nowcast,1,7,3,5,4,4.35,1,National
2020-03-21,nowcast,2,8,3,5,4,4.516,1,National
2020-03-22,nowcast,0,7,3,5,4,4.536,1,National
2020-03-23,nowcast,1,8,3,5,4,4.678,1,National
2020-03-24,nowcast,2,8,3,5,4.5,4.596,1,National
2020-03-25,nowcast,1,8,3,5,4,4.674,1,National
2020-03-26,nowcast,1,7,3,5,4,4.464,1,National
2020-03-27,nowcast,1,7,3,5,4,4.41,1,National
2020-03-28,nowcast,1,7,2,4,4,4.156,1,National
2020-03-29,nowcast,1,7,2,4,4,3.954,1,National
2020-03-30,nowcast,0,6,2,4,4,3.78,1,National
2020-03-31,nowcast,0,6,2,4,4,3.772,1,National
2020-04-01,nowcast,1,6,1,3,3,3.45,1,National
2020-04-02,nowcast,0,5,1,3,3,3.054,1,National
2020-04-03,nowcast,0,5,1,3,3,2.984,1,National
2020-04-04,nowcast,0,5,1,3,3,2.688,1,National
2020-04-05,nowcast,0,5,0,2,2,2.522,1,National
2020-04-06,nowcast,0,4,0,2,2,2.32,1,National
2020-04-07,nowcast,0,4,1,2,2,2.064,1,National
2020-04-08,nowcast,0,4,1,2,2,1.912,1,National
2020-04-09,nowcast,0,4,1,2,2,1.788,1,National
2020-04-10,nowcast,0,4,1,2,2,1.748,1,National
2020-04-11,nowcast,0,4,1,2,2,1.792,1,National
2020-04-12,nowcast,0,3,1,2,2,1.7,1,National
2020-04-13,nowcast,0,3,0,1,1,1.586,1,National
2020-04-14,nowcast,0,3,0,1,1,1.582,1,National
2020-04-15,nowcast,0,3,0,1,1,1.514,1,National
2020-04-16,nowcast,0,3,0,1,1,1.56,1,National
2020-04-17,nowcast,0,4,1,2,2,1.792,1,National
2020-04-18,nowcast,0,4,1,2,2,1.994,1,National
2020-04-19,nowcast,0,4,0,2,2,2.296,1,National
2020-04-20,nowcast,0,5,0,2,2,2.654,1,National
2020-04-21,nowcast,0,6,1,3,3,3.036,1,National
2020-04-22,nowcast,1,7,2,4,3.5,3.664,1,National
2020-04-23,nowcast,0,7,2,4,4,4.224,1,National
2020-04-24,nowcast,1,8,1,4,4,4.654,1,National
2020-04-25,nowcast,1,9,2,5,5,5.3,1,National
2020-04-26,nowcast,2,10,3,6,6,6.094,1,National
2020-04-27,nowcast,2,10,4,7,6,6.7,1,National
2020-04-28,nowcast,2,11,5,8,7,7.382,1,National
2020-04-29,nowcast,3,13,5,9,8,8.228,1,National
2020-04-30,nowcast,3,14,6,10,9,9.238,1,National
2020-05-01,nowcast,4,15,7,11,10,10.27,1,National
2020-05-02,nowcast,6,18,7,12,11,11.526,1,National
2020-05-03,nowcast,5,19,9,14,13,13.082,1,National
2020-05-04,nowcast,6,20,9,15,14,14.218,1,National
2020-05-05,nowcast,9,23,12,17,16,16.2,1,National
2020-05-06,nowcast,11,26,13,19,18,18.16,1,National
2020-05-07,nowcast,12,27,17,23,20,20.31,1,National
2020-05-08,nowcast,13,29,17,23,21,21.72,1,National
2020-05-09,nowcast,15,31,17,24,23,23.778,1,National
2020-05-10,nowcast,15,33,21,27,25,25.726,1,National
2020-05-11,nowcast,20,36,21,28,27,27.226,1,National
2020-05-12,nowcast,19,37,23,30,29,28.738,1,National
2020-05-13,nowcast,21,39,25,32,30,30.07,1,National
2020-05-14,nowcast,22,39,26,33,31,30.966,1,National
2020-05-15,nowcast,22,40,28,35,32,32.586,1,National
2020-05-16,nowcast,24,42,29,36,34,33.542,1,National
2020-05-17,nowcast,26,44,30,37,35,34.814,1,National
2020-05-18,nowcast,24,45,29,37,35,35.86,1,National
2020-05-19,nowcast,25,44,30,38,36,35.89,1,National
2020-05-20,nowcast,25,44,30,37,36,35.712,1,National
2020-05-21,nowcast,26,45,29,37,36,36.25,1,National
2020-05-22,nowcast,28,47,30,37,36,36.166,1,National
2020-05-23,nowcast,26,46,31,39,37,36.674,1,National
2020-05-24,nowcast,27,46,33,40,37,36.95,1,National
2020-05-25,nowcast,26,45,32,39,37,37.082,1,National
2020-05-26,nowcast,28,46,32,39,37,36.994,1,National
2020-05-27,nowcast,27,47,31,39,37,37.554,1,National
2020-05-28,nowcast,26,45,30,38,36,36.446,1,National
2020-05-29,nowcast,25,44,30,38,36,35.822,1,National
2020-05-30,nowcast,27,46,31,38,36,36.056,1,National
2020-05-31,nowcast,27,46,29,37,36,36.494,1,National
2020-06-01,nowcast,25,44,31,38,36,35.614,1,National
2020-06-02,nowcast,24,44,29,37,36,35.75,1,National
2020-06-03,nowcast,25,45,31,38,36,35.842,1,National
2020-06-04,nowcast,24,44,32,40,36,36.034,1,National
2020-06-05,nowcast,24,47,29,38,37,36.854,1,National
2020-06-06,nowcast,27,50,31,40,37,37.686,1,National
2020-06-07,nowcast,25,51,32,41,39,39.492,1,National
2020-06-08,nowcast,29,55,33,44,42,42.864,1,National
2020-06-09,nowcast,30,57,37,47,45,45.136,1,National
2020-06-10,nowcast,34,64,40,52,49,49.646,1,National
2020-06-11,nowcast,36,67,44,56,53,53.53,1,National
2020-06-12,nowcast,43,75,50,63,59,58.746,1,National
2020-06-13,nowcast,44,78,57,70,63,63.38,1,National
2020-06-14,nowcast,50,87,58,72,68,69.466,1,National
2020-06-15,nowcast,52,92,61,76,73,74.488,1,National
2020-06-16,nowcast,56,98,68,85,79,79.568,1,National
2020-06-17,nowcast,64,106,73,89,85,85.818,1,National
2020-06-18,nowcast,71,113,83,101,91,92.246,1,National
2020-06-19,nowcast,70,117,89,108,98,97.822,1,National
2020-06-20,nowcast,74,128,91,112,104,104.918,1,National
2020-06-21,nowcast,84,137,95,118,113,113.298,1,National
2020-06-22,nowcast,97,152,109,132,122,123.45,1,National
2020-06-23,nowcast,103,167,116,141,134,134.406,1,National
2020-06-24,nowcast,116,182,133,158,147,147.94,1,National
2020-06-25,nowcast,128,194,147,174,160,160.716,1,National
2020-06-26,nowcast,140,211,152,183,174,175.642,1,National
2020-06-27,nowcast,159,231,172,203,192,193.096,1,National
2020-06-28,nowcast,172,237,192,219,209,209.084,1,National
2020-06-29,nowcast,187,254,211,239,224,224.752,1,National
2020-06-30,nowcast,208,272,221,249,239,239.032,1,National
2020-07-01,nowcast,214,282,240,264,253,253.132,1,National
2020-07-02,nowcast,232,292,251,275,263,263.1,1,National
2020-07-03,nowcast,239,302,259,283,270,270.474,1,National
2020-07-04,nowcast,242,308,263,289,280,279.172,1,National
2020-07-05,nowcast,252,316,272,298,288,287.058,1,National
2020-07-06,nowcast,261,324,282,306,294,294.698,1,National
2020-07-07,nowcast,270,328,295,320,301,300.128,1,National
2020-07-08,nowcast,272,331,287,311,303,303.684,1,National
2020-07-09,nowcast,274,335,292,315,305,305.026,1,National
2020-07-10,nowcast,281,340,289,314,304.5,306.028,1,National
2020-07-11,nowcast,270,335,293,316,306,306.436,1,National
2020-07-12,nowcast,282,342,297,323,308,308.32,1,National
2020-07-13,nowcast,279,338,294,319,308,307.59,1,National
2020-07-14,nowcast,273,333,296,319,304,303.292,1,National
2020-07-15,nowcast,272,331,286,311,302,301.598,1,National
2020-07-16,nowcast,270,326,287,310,300,300.166,1,National
2020-07-17,nowcast,273,331,288,311,300,299.842,1,National
2020-07-18,nowcast,270,326,286,309,297,298.246,1,National
2020-07-19,nowcast,259,321,281,302,292,292.712,1,National
2020-07-20,nowcast,255,313,268,293,285,285.11,1,National
2020-07-21,nowcast,246,304,264,287,277,277.466,1,National
2020-07-22,nowcast,237,297,254,277,269,269.87,1,National
2020-07-23,nowcast,230,290,248,272,263,262.608,1,National
2020-07-24,nowcast,225,283,235,258,251,251.298,1,National
2020-07-25,nowcast,209,267,226,250,239,239.87,1,National
2020-07-26,nowcast,193,251,211,237,225,225.78,1,National
2020-07-27,nowcast,184,242,199,220,212,212.918,1,National
2020-07-28,nowcast,174,229,185,207,201,201.808,1,National
2020-07-29,nowcast,166,217,180,200,189,190.49,1,National
2020-07-30,nowcast,154,205,166,187,180,180.988,1,National
2020-07-31,nowcast,139,190,159,178,168,168.718,1,National
2020-08-01,nowcast,133,180,146,165,157,156.884,1,National
2020-08-02,nowcast,118,167,136,155,146,145.278,1,National
2020-08-03,nowcast,108,150,123,141,132,131.216,1,National
2020-08-04,nowcast,96,135,108,123,117,116.906,1,National
2020-08-05,nowcast,86,122,99,113,106,106.402,1,National
2020-08-06,nowcast,77,113,88,101,96,96.832,1,National
2020-08-07,nowcast,73,105,81,94,91,90.478,1,National
2020-08-08,nowcast,67,99,76,89,86.5,85.922,1,National
2020-08-09,nowcast,68,97,74,85,82,82.114,1,National
2020-08-10,nowcast,62,93,71,83,79,79.814,1,National
2020-08-11,nowcast,62,89,69,79,76,76.644,1,National
2020-08-12,nowcast,58,87,67,78,73,74.082,1,National
2020-08-13,nowcast,58,85,64,75,71,71.852,1,National
2020-08-14,nowcast,57,83,63,73,69,69.18,1,National
2020-08-15,nowcast,54,82,59,70,67,67.432,1,National
2020-08-16,nowcast,52,76,60,69,66,65.974,1,National
2020-08-17,nowcast,49,77,56,67,65,65.268,1,National
2020-08-18,nowcast,52,79,59,69,64,64.47,1,National
2020-08-19,nowcast,54,80,60,70,65,64.892,1,National
2020-08-20,nowcast,51,79,57,68,65,65.47,1,National
2020-08-21,nowcast,53,79,59,69,66,65.728,1,National
2020-08-22,nowcast,51,77,61,72,65,65.06,1,National
2020-08-23,nowcast,51,77,58,69,65,65.16,1,National
2020-08-24,nowcast,49,75,56,67,64,64.754,1,National
2020-08-25,nowcast,50,75,58,68,64,64.182,1,National
2020-08-26,nowcast,49,76,55,65,63,63.412,1,National
2020-08-27,nowcast,48,74,56,66,62,62.3,1,National
2020-08-28,nowcast,48,76,55,65,62,62.648,1,National
2020-08-29,nowcast,50,74,57,66,61,61.778,1,National
2020-08-30,nowcast,48,73,54,64,61,61.38,1,National
2020-08-31,nowcast,46,70,50,60,58,58.686,1,National
2020-09-01,nowcast,45,69,50,60,57,57.418,1,National
2020-09-02,nowcast,43,67,48,58,55,55.51,1,National
2020-09-03,nowcast,42,64,46,55,53,52.994,1,National
2020-09-04,nowcast,38,61,46,55,51,51.498,1,National
2020-09-05,nowcast,34,59,43,52,49,48.968,0.9999850134504635,National
2020-09-06,nowcast,34,56,40,49,46,46.198,0.9999472954600991,National
2020-09-07,nowcast,33,54,37,45,42.5,43.02,0.9999001581987849,National
2020-09-08,nowcast,30,50,34,42,40,40.65,0.999841226286055,National
2020-09-09,nowcast,27,47,34,42,39,39.158,0.9997675218596775,National
2020-09-10,nowcast,28,47,33,40,38,38.202,0.9996428362927174,National
2020-09-11,nowcast,28,48,32,40,38,37.872,0.9994730202536496,National
2020-09-12,nowcast,28,48,32,40,38,38.252,0.9992601033943147,National
2020-09-13,nowcast,26,48,32,40,37,37.936,0.9989931078991692,National
2020-09-14,nowcast,27,46,30,38,37,36.852,0.998612145503249,National
2020-09-15,nowcast,25,44,29,37,35,35.54,0.9981081707880731,National
2020-09-16,nowcast,23,42,29,36,34,34.156,0.9974743672798508,National
2020-09-17,nowcast,25,43,29,36,34,34.04,0.9966769586299099,National
2020-09-18,nowcast,24,42,28,35,33,33.492,0.9956433912431631,National
2020-09-19,nowcast,22,41,28,35,33,33.072,0.9942716598817637,National
2020-09-20,nowcast,23,42,29,36,33,32.524,0.9925013599861188,National
2020-09-21,nowcast,22,41,28,35,33,32.622,0.9902400379057669,National
2020-09-22,nowcast,23,40,28,35,33,32.594,0.9873789766643014,National
2020-09-23,nowcast,22,40,26,33,31,31.918,0.9837574959934329,National
2020-09-24,nowcast,22,40,28,34,31,31.434,0.9790997427407919,National
2020-09-25,nowcast,22,40,26,33,31,31.098,0.973196797225583,National
2020-09-26,nowcast,19,37,24,31,29,29.5,0.9656111603788321,National
2020-09-27,nowcast,19,37,23,30,28,28.008,0.955982284888997,National
2020-09-28,nowcast,16,34,21,28,27,26.68,0.9437470473537068,National
2020-09-29,nowcast,18,34,20,27,26,26.082,0.9281789930921156,National
2020-09-30,nowcast,16,33,19,26,25,25.23,0.908336235282005,National
2020-10-01,nowcast,14,31,18,25,24,23.852,0.8829914450593119,National
2020-10-02,nowcast,15,32,18,25,23,23.676,0.8505400778825696,National
2020-10-03,nowcast,13,31,19,26,24,23.794,0.8088887130109946,National
2020-03-20,Observed by report date,NA,NA,NA,NA,3,NA,1,National
2020-03-21,Observed by report date,NA,NA,NA,NA,0,NA,1,National
2020-03-22,Observed by report date,NA,NA,NA,NA,9,NA,1,National
2020-03-23,Observed by report date,NA,NA,NA,NA,5,NA,1,National
2020-03-24,Observed by report date,NA,NA,NA,NA,2,NA,1,National
2020-03-25,Observed by report date,NA,NA,NA,NA,0,NA,1,National
2020-03-26,Observed by report date,NA,NA,NA,NA,4,NA,1,National
2020-03-27,Observed by report date,NA,NA,NA,NA,3,NA,1,National
2020-03-28,Observed by report date,NA,NA,NA,NA,11,NA,1,National
2020-03-29,Observed by report date,NA,NA,NA,NA,6,NA,1,National
2020-03-30,Observed by report date,NA,NA,NA,NA,3,NA,1,National
2020-03-31,Observed by report date,NA,NA,NA,NA,4,NA,1,National
2020-04-01,Observed by report date,NA,NA,NA,NA,8,NA,1,National
2020-04-02,Observed by report date,NA,NA,NA,NA,1,NA,1,National
2020-04-03,Observed by report date,NA,NA,NA,NA,11,NA,1,National
2020-04-04,Observed by report date,NA,NA,NA,NA,1,NA,1,National
2020-04-05,Observed by report date,NA,NA,NA,NA,1,NA,1,National
2020-04-06,Observed by report date,NA,NA,NA,NA,10,NA,1,National
2020-04-07,Observed by report date,NA,NA,NA,NA,6,NA,1,National
2020-04-08,Observed by report date,NA,NA,NA,NA,5,NA,1,National
2020-04-09,Observed by report date,NA,NA,NA,NA,0,NA,1,National
2020-04-10,Observed by report date,NA,NA,NA,NA,9,NA,1,National
2020-04-11,Observed by report date,NA,NA,NA,NA,0,NA,1,National
2020-04-12,Observed by report date,NA,NA,NA,NA,4,NA,1,National
2020-04-13,Observed by report date,NA,NA,NA,NA,0,NA,1,National
2020-04-14,Observed by report date,NA,NA,NA,NA,2,NA,1,National
2020-04-15,Observed by report date,NA,NA,NA,NA,2,NA,1,National
2020-04-16,Observed by report date,NA,NA,NA,NA,1,NA,1,National
2020-04-17,Observed by report date,NA,NA,NA,NA,6,NA,1,National
2020-04-18,Observed by report date,NA,NA,NA,NA,3,NA,1,National
2020-04-19,Observed by report date,NA,NA,NA,NA,1,NA,1,National
2020-04-20,Observed by report date,NA,NA,NA,NA,0,NA,1,National
2020-04-21,Observed by report date,NA,NA,NA,NA,0,NA,1,National
2020-04-22,Observed by report date,NA,NA,NA,NA,0,NA,1,National
2020-04-23,Observed by report date,NA,NA,NA,NA,0,NA,1,National
2020-04-24,Observed by report date,NA,NA,NA,NA,1,NA,1,National
2020-04-25,Observed by report date,NA,NA,NA,NA,1,NA,1,National
2020-04-26,Observed by report date,NA,NA,NA,NA,1,NA,1,National
2020-04-27,Observed by report date,NA,NA,NA,NA,4,NA,1,National
2020-04-28,Observed by report date,NA,NA,NA,NA,0,NA,1,National
2020-04-29,Observed by report date,NA,NA,NA,NA,0,NA,1,National
2020-04-30,Observed by report date,NA,NA,NA,NA,0,NA,1,National
2020-05-01,Observed by report date,NA,NA,NA,NA,4,NA,1,National
2020-05-02,Observed by report date,NA,NA,NA,NA,3,NA,1,National
2020-05-03,Observed by report date,NA,NA,NA,NA,16,NA,1,National
2020-05-04,Observed by report date,NA,NA,NA,NA,0,NA,1,National
2020-05-05,Observed by report date,NA,NA,NA,NA,0,NA,1,National
2020-05-06,Observed by report date,NA,NA,NA,NA,7,NA,1,National
2020-05-07,Observed by report date,NA,NA,NA,NA,3,NA,1,National
2020-05-08,Observed by report date,NA,NA,NA,NA,6,NA,1,National
2020-05-09,Observed by report date,NA,NA,NA,NA,2,NA,1,National
2020-05-10,Observed by report date,NA,NA,NA,NA,2,NA,1,National
2020-05-11,Observed by report date,NA,NA,NA,NA,15,NA,1,National
2020-05-12,Observed by report date,NA,NA,NA,NA,6,NA,1,National
2020-05-13,Observed by report date,NA,NA,NA,NA,20,NA,1,National
2020-05-14,Observed by report date,NA,NA,NA,NA,18,NA,1,National
2020-05-15,Observed by report date,NA,NA,NA,NA,8,NA,1,National
2020-05-16,Observed by report date,NA,NA,NA,NA,45,NA,1,National
2020-05-17,Observed by report date,NA,NA,NA,NA,21,NA,1,National
2020-05-18,Observed by report date,NA,NA,NA,NA,18,NA,1,National
2020-05-19,Observed by report date,NA,NA,NA,NA,4,NA,1,National
2020-05-20,Observed by report date,NA,NA,NA,NA,45,NA,1,National
2020-05-21,Observed by report date,NA,NA,NA,NA,34,NA,1,National
2020-05-22,Observed by report date,NA,NA,NA,NA,43,NA,1,National
2020-05-23,Observed by report date,NA,NA,NA,NA,40,NA,1,National
2020-05-24,Observed by report date,NA,NA,NA,NA,39,NA,1,National
2020-05-25,Observed by report date,NA,NA,NA,NA,15,NA,1,National
2020-05-26,Observed by report date,NA,NA,NA,NA,44,NA,1,National
2020-05-27,Observed by report date,NA,NA,NA,NA,26,NA,1,National
2020-05-28,Observed by report date,NA,NA,NA,NA,44,NA,1,National
2020-05-29,Observed by report date,NA,NA,NA,NA,42,NA,1,National
2020-05-30,Observed by report date,NA,NA,NA,NA,60,NA,1,National
2020-05-31,Observed by report date,NA,NA,NA,NA,32,NA,1,National
2020-06-01,Observed by report date,NA,NA,NA,NA,36,NA,1,National
2020-06-02,Observed by report date,NA,NA,NA,NA,19,NA,1,National
2020-06-03,Observed by report date,NA,NA,NA,NA,63,NA,1,National
2020-06-04,Observed by report date,NA,NA,NA,NA,49,NA,1,National
2020-06-05,Observed by report date,NA,NA,NA,NA,18,NA,1,National
2020-06-06,Observed by report date,NA,NA,NA,NA,51,NA,1,National
2020-06-07,Observed by report date,NA,NA,NA,NA,26,NA,1,National
2020-06-08,Observed by report date,NA,NA,NA,NA,42,NA,1,National
2020-06-09,Observed by report date,NA,NA,NA,NA,44,NA,1,National
2020-06-10,Observed by report date,NA,NA,NA,NA,24,NA,1,National
2020-06-11,Observed by report date,NA,NA,NA,NA,41,NA,1,National
2020-06-12,Observed by report date,NA,NA,NA,NA,27,NA,1,National
2020-06-13,Observed by report date,NA,NA,NA,NA,22,NA,1,National
2020-06-14,Observed by report date,NA,NA,NA,NA,20,NA,1,National
2020-06-15,Observed by report date,NA,NA,NA,NA,18,NA,1,National
2020-06-16,Observed by report date,NA,NA,NA,NA,27,NA,1,National
2020-06-17,Observed by report date,NA,NA,NA,NA,61,NA,1,National
2020-06-18,Observed by report date,NA,NA,NA,NA,25,NA,1,National
2020-06-19,Observed by report date,NA,NA,NA,NA,40,NA,1,National
2020-06-20,Observed by report date,NA,NA,NA,NA,60,NA,1,National
2020-06-21,Observed by report date,NA,NA,NA,NA,93,NA,1,National
2020-06-22,Observed by report date,NA,NA,NA,NA,44,NA,1,National
2020-06-23,Observed by report date,NA,NA,NA,NA,84,NA,1,National
2020-06-24,Observed by report date,NA,NA,NA,NA,63,NA,1,National
2020-06-25,Observed by report date,NA,NA,NA,NA,42,NA,1,National
2020-06-26,Observed by report date,NA,NA,NA,NA,93,NA,1,National
2020-06-27,Observed by report date,NA,NA,NA,NA,83,NA,1,National
2020-06-28,Observed by report date,NA,NA,NA,NA,73,NA,1,National
2020-06-29,Observed by report date,NA,NA,NA,NA,60,NA,1,National
2020-06-30,Observed by report date,NA,NA,NA,NA,76,NA,1,National
2020-07-01,Observed by report date,NA,NA,NA,NA,89,NA,1,National
2020-07-02,Observed by report date,NA,NA,NA,NA,100,NA,1,National
2020-07-03,Observed by report date,NA,NA,NA,NA,109,NA,1,National
2020-07-04,Observed by report date,NA,NA,NA,NA,216,NA,1,National
2020-07-05,Observed by report date,NA,NA,NA,NA,213,NA,1,National
2020-07-06,Observed by report date,NA,NA,NA,NA,309,NA,1,National
2020-07-07,Observed by report date,NA,NA,NA,NA,222,NA,1,National
2020-07-08,Observed by report date,NA,NA,NA,NA,101,NA,1,National
2020-07-09,Observed by report date,NA,NA,NA,NA,209,NA,1,National
2020-07-10,Observed by report date,NA,NA,NA,NA,361,NA,1,National
2020-07-11,Observed by report date,NA,NA,NA,NA,435,NA,1,National
2020-07-12,Observed by report date,NA,NA,NA,NA,289,NA,1,National
2020-07-13,Observed by report date,NA,NA,NA,NA,213,NA,1,National
2020-07-14,Observed by report date,NA,NA,NA,NA,263,NA,1,National
2020-07-15,Observed by report date,NA,NA,NA,NA,262,NA,1,National
2020-07-16,Observed by report date,NA,NA,NA,NA,484,NA,1,National
2020-07-17,Observed by report date,NA,NA,NA,NA,378,NA,1,National
2020-07-18,Observed by report date,NA,NA,NA,NA,382,NA,1,National
2020-07-19,Observed by report date,NA,NA,NA,NA,200,NA,1,National
2020-07-20,Observed by report date,NA,NA,NA,NA,104,NA,1,National
2020-07-21,Observed by report date,NA,NA,NA,NA,395,NA,1,National
2020-07-22,Observed by report date,NA,NA,NA,NA,614,NA,1,National
2020-07-23,Observed by report date,NA,NA,NA,NA,219,NA,1,National
2020-07-24,Observed by report date,NA,NA,NA,NA,360,NA,1,National
2020-07-25,Observed by report date,NA,NA,NA,NA,125,NA,1,National
2020-07-26,Observed by report date,NA,NA,NA,NA,429,NA,1,National
2020-07-27,Observed by report date,NA,NA,NA,NA,395,NA,1,National
2020-07-28,Observed by report date,NA,NA,NA,NA,414,NA,1,National
2020-07-29,Observed by report date,NA,NA,NA,NA,213,NA,1,National
2020-07-30,Observed by report date,NA,NA,NA,NA,431,NA,1,National
2020-07-31,Observed by report date,NA,NA,NA,NA,120,NA,1,National
2020-08-01,Observed by report date,NA,NA,NA,NA,405,NA,1,National
2020-08-02,Observed by report date,NA,NA,NA,NA,255,NA,1,National
2020-08-03,Observed by report date,NA,NA,NA,NA,132,NA,1,National
2020-08-04,Observed by report date,NA,NA,NA,NA,235,NA,1,National
2020-08-05,Observed by report date,NA,NA,NA,NA,327,NA,1,National
2020-08-06,Observed by report date,NA,NA,NA,NA,304,NA,1,National
2020-08-07,Observed by report date,NA,NA,NA,NA,182,NA,1,National
2020-08-08,Observed by report date,NA,NA,NA,NA,214,NA,1,National
2020-08-09,Observed by report date,NA,NA,NA,NA,164,NA,1,National
2020-08-10,Observed by report date,NA,NA,NA,NA,116,NA,1,National
2020-08-11,Observed by report date,NA,NA,NA,NA,115,NA,1,National
2020-08-12,Observed by report date,NA,NA,NA,NA,80,NA,1,National
2020-08-13,Observed by report date,NA,NA,NA,NA,125,NA,1,National
2020-08-14,Observed by report date,NA,NA,NA,NA,121,NA,1,National
2020-08-15,Observed by report date,NA,NA,NA,NA,81,NA,1,National
2020-08-16,Observed by report date,NA,NA,NA,NA,103,NA,1,National
2020-08-17,Observed by report date,NA,NA,NA,NA,59,NA,1,National
2020-08-18,Observed by report date,NA,NA,NA,NA,123,NA,1,National
2020-08-19,Observed by report date,NA,NA,NA,NA,65,NA,1,National
2020-08-20,Observed by report date,NA,NA,NA,NA,80,NA,1,National
2020-08-21,Observed by report date,NA,NA,NA,NA,64,NA,1,National
2020-08-22,Observed by report date,NA,NA,NA,NA,59,NA,1,National
2020-08-23,Observed by report date,NA,NA,NA,NA,50,NA,1,National
2020-08-24,Observed by report date,NA,NA,NA,NA,75,NA,1,National
2020-08-25,Observed by report date,NA,NA,NA,NA,73,NA,1,National
2020-08-26,Observed by report date,NA,NA,NA,NA,79,NA,1,National
2020-08-27,Observed by report date,NA,NA,NA,NA,38,NA,1,National
2020-08-28,Observed by report date,NA,NA,NA,NA,104,NA,1,National
2020-08-29,Observed by report date,NA,NA,NA,NA,95,NA,1,National
2020-08-30,Observed by report date,NA,NA,NA,NA,52,NA,1,National
2020-08-31,Observed by report date,NA,NA,NA,NA,20,NA,1,National
2020-09-01,Observed by report date,NA,NA,NA,NA,94,NA,1,National
2020-09-02,Observed by report date,NA,NA,NA,NA,66,NA,1,National
2020-09-03,Observed by report date,NA,NA,NA,NA,83,NA,1,National
2020-09-04,Observed by report date,NA,NA,NA,NA,81,NA,1,National
2020-09-05,Observed by report date,NA,NA,NA,NA,82,NA,1,National
2020-09-06,Observed by report date,NA,NA,NA,NA,50,NA,1,National
2020-09-07,Observed by report date,NA,NA,NA,NA,33,NA,1,National
2020-09-08,Observed by report date,NA,NA,NA,NA,83,NA,1,National
2020-09-09,Observed by report date,NA,NA,NA,NA,85,NA,1,National
2020-09-10,Observed by report date,NA,NA,NA,NA,104,NA,1,National
2020-09-11,Observed by report date,NA,NA,NA,NA,45,NA,1,National
2020-09-12,Observed by report date,NA,NA,NA,NA,68,NA,1,National
2020-09-13,Observed by report date,NA,NA,NA,NA,20,NA,1,National
2020-09-14,Observed by report date,NA,NA,NA,NA,12,NA,1,National
2020-09-15,Observed by report date,NA,NA,NA,NA,34,NA,1,National
2020-09-16,Observed by report date,NA,NA,NA,NA,68,NA,1,National
2020-09-17,Observed by report date,NA,NA,NA,NA,54,NA,1,National
2020-09-18,Observed by report date,NA,NA,NA,NA,46,NA,1,National
2020-09-19,Observed by report date,NA,NA,NA,NA,49,NA,1,National
2020-09-20,Observed by report date,NA,NA,NA,NA,33,NA,1,National
2020-09-21,Observed by report date,NA,NA,NA,NA,20,NA,1,National
2020-09-22,Observed by report date,NA,NA,NA,NA,63,NA,1,National
2020-09-23,Observed by report date,NA,NA,NA,NA,31,NA,1,National
2020-09-24,Observed by report date,NA,NA,NA,NA,24,NA,1,National
2020-09-25,Observed by report date,NA,NA,NA,NA,30,NA,1,National
2020-09-26,Observed by report date,NA,NA,NA,NA,36,NA,1,National
2020-09-27,Observed by report date,NA,NA,NA,NA,28,NA,1,National
2020-09-28,Observed by report date,NA,NA,NA,NA,63,NA,1,National
2020-09-29,Observed by report date,NA,NA,NA,NA,29,NA,1,National
2020-09-30,Observed by report date,NA,NA,NA,NA,31,NA,1,National
2020-10-01,Observed by report date,NA,NA,NA,NA,46,NA,1,National
2020-10-02,Observed by report date,NA,NA,NA,NA,39,NA,1,National
2020-10-03,Observed by report date,NA,NA,NA,NA,36,NA,1,National
2020-10-04,Observed by report date,NA,NA,NA,NA,29,NA,1,National
2020-10-05,Observed by report date,NA,NA,NA,NA,12,NA,1,National
2020-10-06,Observed by report date,NA,NA,NA,NA,30,NA,1,National
2020-10-07,Observed by report date,NA,NA,NA,NA,33,NA,1,National
2020-10-08,Observed by report date,NA,NA,NA,NA,21,NA,1,National
2020-10-09,Observed by report date,NA,NA,NA,NA,22,NA,1,National
2020-10-10,Observed by report date,NA,NA,NA,NA,26,NA,1,National
2020-10-11,Observed by report date,NA,NA,NA,NA,16,NA,1,National
2020-10-12,Observed by report date,NA,NA,NA,NA,8,NA,1,National
2020-10-13,Observed by report date,NA,NA,NA,NA,28,NA,1,National
