region,date,type,median,lower_90,upper_90,lower_50,upper_50,prob_control
Analamanga,2020-03-22,nowcast,1,0.3,1.8,0.7,1.2,0.45
Analamanga,2020-03-23,nowcast,1,0.3,1.7,0.7,1.2,0.47
Analamanga,2020-03-24,nowcast,1,0.3,1.7,0.6,1.1,0.52
Analamanga,2020-03-25,nowcast,0.9,0.2,1.6,0.6,1.2,0.55
Analamanga,2020-03-26,nowcast,0.9,0.2,1.6,0.6,1.1,0.57
Analamanga,2020-03-27,nowcast,0.9,0.2,1.6,0.6,1.1,0.59
Analamanga,2020-03-28,nowcast,0.9,0.2,1.6,0.6,1.1,0.6
Analamanga,2020-03-29,nowcast,0.9,0.2,1.7,0.6,1.1,0.58
Analamanga,2020-03-30,nowcast,0.9,0.2,1.6,0.6,1.2,0.59
Analamanga,2020-03-31,nowcast,0.9,0.2,1.7,0.6,1.1,0.56
Analamanga,2020-04-01,nowcast,0.9,0.3,1.7,0.6,1.1,0.58
Analamanga,2020-04-02,nowcast,0.9,0.2,1.7,0.6,1.1,0.59
Analamanga,2020-04-03,nowcast,0.9,0.1,1.6,0.5,1.1,0.62
Analamanga,2020-04-04,nowcast,0.9,0.1,1.7,0.5,1.1,0.6
Analamanga,2020-04-05,nowcast,0.9,0.2,1.6,0.4,1,0.63
Analamanga,2020-04-06,nowcast,0.9,0.1,1.6,0.6,1.1,0.62
Analamanga,2020-04-07,nowcast,0.8,0.1,1.6,0.5,1.1,0.63
Analamanga,2020-04-08,nowcast,0.8,0.1,1.7,0.5,1,0.63
Analamanga,2020-04-09,nowcast,0.8,0.1,1.6,0.4,1,0.64
Analamanga,2020-04-10,nowcast,0.8,0,1.6,0.4,1.1,0.62
Analamanga,2020-04-11,nowcast,0.9,0.1,1.8,0.5,1.1,0.63
Analamanga,2020-04-12,nowcast,0.8,0.1,1.7,0.4,1,0.65
Analamanga,2020-04-13,nowcast,0.8,0.1,1.7,0.4,1,0.64
Analamanga,2020-04-14,nowcast,0.8,0.1,1.8,0.3,1,0.64
Analamanga,2020-04-15,nowcast,0.8,0.1,1.8,0.4,1,0.64
Analamanga,2020-04-16,nowcast,0.8,0,1.8,0.4,1,0.61
Analamanga,2020-04-17,nowcast,0.9,0,1.9,0.4,1.1,0.59
Analamanga,2020-04-18,nowcast,0.9,0,2,0.3,1,0.58
Analamanga,2020-04-19,nowcast,1,0.1,2.4,0.4,1.2,0.5
Analamanga,2020-04-20,nowcast,1,0,2.4,0.5,1.3,0.48
Analamanga,2020-04-21,nowcast,1.1,0.1,2.6,0.5,1.4,0.43
Analamanga,2020-04-22,nowcast,1.2,0.2,2.6,0.6,1.5,0.36
Analamanga,2020-04-23,nowcast,1.3,0.2,2.7,0.7,1.6,0.34
Analamanga,2020-04-24,nowcast,1.3,0.2,2.7,0.7,1.6,0.32
Analamanga,2020-04-25,nowcast,1.3,0.2,2.6,0.7,1.6,0.31
Analamanga,2020-04-26,nowcast,1.3,0.3,2.5,0.7,1.6,0.32
Analamanga,2020-04-27,nowcast,1.3,0.2,2.4,0.8,1.7,0.33
Analamanga,2020-04-28,nowcast,1.3,0.3,2.5,0.7,1.5,0.33
Analamanga,2020-04-29,nowcast,1.2,0.3,2.3,0.7,1.5,0.33
Analamanga,2020-04-30,nowcast,1.2,0.3,2.2,0.7,1.5,0.35
Analamanga,2020-05-01,nowcast,1.2,0.4,2.2,0.7,1.4,0.34
Analamanga,2020-05-02,nowcast,1.2,0.3,2.1,0.7,1.4,0.34
Analamanga,2020-05-03,nowcast,1.2,0.3,2.3,0.8,1.5,0.33
Analamanga,2020-05-04,nowcast,1.3,0.4,2.4,0.8,1.5,0.29
Analamanga,2020-05-05,nowcast,1.3,0.4,2.4,0.9,1.6,0.26
Analamanga,2020-05-06,nowcast,1.3,0.5,2.4,0.9,1.6,0.24
Analamanga,2020-05-07,nowcast,1.3,0.4,2.3,0.8,1.5,0.25
Analamanga,2020-05-08,nowcast,1.4,0.4,2.3,0.9,1.6,0.22
Analamanga,2020-05-09,nowcast,1.3,0.5,2.2,1,1.6,0.23
Analamanga,2020-05-10,nowcast,1.4,0.5,2.2,1,1.6,0.21
Analamanga,2020-05-11,nowcast,1.3,0.5,2.1,0.9,1.5,0.22
Analamanga,2020-05-12,nowcast,1.3,0.6,2.1,1,1.6,0.21
Analamanga,2020-05-13,nowcast,1.3,0.6,2,1,1.5,0.2
Analamanga,2020-05-14,nowcast,1.3,0.7,2,1,1.5,0.19
Analamanga,2020-05-15,nowcast,1.3,0.7,2,1,1.5,0.18
Analamanga,2020-05-16,nowcast,1.3,0.7,2.1,1,1.5,0.16
Analamanga,2020-05-17,nowcast,1.3,0.8,2,1,1.5,0.14
Analamanga,2020-05-18,nowcast,1.4,0.8,2.1,1.1,1.5,0.13
Analamanga,2020-05-19,nowcast,1.3,0.8,2,1.1,1.5,0.12
Analamanga,2020-05-20,nowcast,1.4,0.8,2,1.1,1.5,0.11
Analamanga,2020-05-21,nowcast,1.3,0.8,1.9,1.1,1.5,0.11
Analamanga,2020-05-22,nowcast,1.3,0.8,1.8,1.1,1.5,0.13
Analamanga,2020-05-23,nowcast,1.3,0.8,1.8,1.1,1.4,0.14
Analamanga,2020-05-24,nowcast,1.3,0.8,1.7,1.1,1.4,0.13
Analamanga,2020-05-25,nowcast,1.2,0.8,1.7,1.1,1.4,0.16
Analamanga,2020-05-26,nowcast,1.2,0.7,1.6,1,1.3,0.21
Analamanga,2020-05-27,nowcast,1.2,0.7,1.6,1,1.3,0.24
Analamanga,2020-05-28,nowcast,1.2,0.8,1.6,1,1.4,0.24
Analamanga,2020-05-29,nowcast,1.2,0.8,1.6,1,1.3,0.24
Analamanga,2020-05-30,nowcast,1.1,0.7,1.5,1,1.3,0.26
Analamanga,2020-05-31,nowcast,1.2,0.8,1.6,1,1.3,0.24
Analamanga,2020-06-01,nowcast,1.2,0.8,1.6,1,1.3,0.22
Analamanga,2020-06-02,nowcast,1.2,0.8,1.5,1,1.3,0.2
Analamanga,2020-06-03,nowcast,1.2,0.8,1.6,1.1,1.4,0.16
Analamanga,2020-06-04,nowcast,1.2,0.8,1.6,1.1,1.4,0.13
Analamanga,2020-06-05,nowcast,1.3,0.9,1.7,1.1,1.4,0.07
Analamanga,2020-06-06,nowcast,1.3,1,1.8,1.2,1.5,0.05
Analamanga,2020-06-07,nowcast,1.4,1,1.8,1.2,1.5,0.03
Analamanga,2020-06-08,nowcast,1.4,1.1,1.8,1.3,1.5,0.02
Analamanga,2020-06-09,nowcast,1.4,1.1,1.8,1.3,1.5,0.01
Analamanga,2020-06-10,nowcast,1.5,1.2,1.8,1.3,1.6,0.01
Analamanga,2020-06-11,nowcast,1.5,1.2,1.8,1.4,1.6,0.01
Analamanga,2020-06-12,nowcast,1.5,1.2,1.8,1.3,1.5,0.01
Analamanga,2020-06-13,nowcast,1.5,1.2,1.8,1.4,1.6,0.01
Analamanga,2020-06-14,nowcast,1.5,1.1,1.8,1.3,1.5,0
Analamanga,2020-06-15,nowcast,1.5,1.2,1.7,1.3,1.6,0
Analamanga,2020-06-16,nowcast,1.4,1.2,1.7,1.3,1.5,0
Analamanga,2020-06-17,nowcast,1.4,1.1,1.7,1.3,1.5,0
Analamanga,2020-06-18,nowcast,1.4,1.2,1.7,1.3,1.5,0
Analamanga,2020-06-19,nowcast,1.4,1.2,1.7,1.3,1.5,0
Analamanga,2020-06-20,nowcast,1.4,1.2,1.6,1.3,1.5,0
Analamanga,2020-06-21,nowcast,1.4,1.2,1.6,1.3,1.5,0
Analamanga,2020-06-22,nowcast,1.4,1.2,1.6,1.3,1.5,0
Analamanga,2020-06-23,nowcast,1.4,1.2,1.6,1.3,1.5,0
Analamanga,2020-06-24,nowcast,1.4,1.3,1.7,1.3,1.5,0
Analamanga,2020-06-25,nowcast,1.4,1.3,1.7,1.3,1.5,0
Analamanga,2020-06-26,nowcast,1.4,1.2,1.6,1.3,1.5,0
Analamanga,2020-06-27,nowcast,1.4,1.2,1.6,1.3,1.5,0
Analamanga,2020-06-28,nowcast,1.4,1.2,1.6,1.3,1.5,0
Analamanga,2020-06-29,nowcast,1.4,1.2,1.6,1.3,1.4,0
Analamanga,2020-06-30,nowcast,1.4,1.2,1.5,1.3,1.4,0
Analamanga,2020-07-01,nowcast,1.3,1.1,1.5,1.3,1.4,0
Analamanga,2020-07-02,nowcast,1.3,1.1,1.4,1.2,1.3,0
Analamanga,2020-07-03,nowcast,1.2,1.1,1.4,1.2,1.3,0.01
Analamanga,2020-07-04,nowcast,1.2,1.1,1.3,1.1,1.2,0.01
Analamanga,2020-07-05,nowcast,1.2,1,1.3,1.1,1.2,0.02
Analamanga,2020-07-06,nowcast,1.1,1,1.3,1.1,1.2,0.03
Analamanga,2020-07-07,nowcast,1.1,1,1.2,1.1,1.2,0.05
Analamanga,2020-07-08,nowcast,1.1,1,1.2,1,1.1,0.12
Analamanga,2020-07-09,nowcast,1.1,0.9,1.2,1,1.1,0.18
Analamanga,2020-07-10,forecast,1.1,0.9,1.2,1,1.1,0.27
Analamanga,2020-07-11,forecast,1.1,0.9,1.3,1,1.1,0.32
Analamanga,2020-07-12,forecast,1.1,0.8,1.3,0.9,1.1,0.37
Analamanga,2020-07-13,forecast,1,0.8,1.3,0.9,1.1,0.41
Analamanga,2020-07-14,forecast,1,0.8,1.3,0.9,1.1,0.41
Analamanga,2020-07-15,forecast,1,0.7,1.3,0.9,1.2,0.43
Analamanga,2020-07-16,forecast,1,0.7,1.3,0.9,1.2,0.45
Analamanga,2020-07-17,forecast,1,0.7,1.4,0.9,1.2,0.46
Analamanga,2020-07-18,forecast,1,0.7,1.4,0.9,1.2,0.46
Analamanga,2020-07-19,forecast,1,0.6,1.4,0.8,1.1,0.5
Analamanga,2020-07-20,forecast,1,0.6,1.4,0.9,1.2,0.48
Analamanga,2020-07-21,forecast,1,0.6,1.4,0.8,1.2,0.51
Analamanga,2020-07-22,forecast,1,0.5,1.4,0.8,1.1,0.51
Analamanga,2020-07-23,forecast,1,0.5,1.5,0.8,1.2,0.51
Atsinanana,2020-03-28,nowcast,1,0.1,2.3,0.4,1.3,0.48
Atsinanana,2020-03-29,nowcast,1.1,0,2.3,0.5,1.3,0.46
Atsinanana,2020-03-30,nowcast,1,0.1,2.3,0.4,1.2,0.49
Atsinanana,2020-03-31,nowcast,1.1,0,2.5,0.5,1.4,0.44
Atsinanana,2020-04-01,nowcast,1.1,0.1,2.4,0.5,1.4,0.43
Atsinanana,2020-04-02,nowcast,1.1,0.1,2.4,0.4,1.3,0.44
Atsinanana,2020-04-03,nowcast,1.1,0.1,2.4,0.5,1.4,0.41
Atsinanana,2020-04-04,nowcast,1.1,0.2,2.4,0.6,1.5,0.42
Atsinanana,2020-04-05,nowcast,1.1,0.1,2.2,0.4,1.3,0.47
Atsinanana,2020-04-06,nowcast,1,0.1,2.1,0.5,1.3,0.48
Atsinanana,2020-04-07,nowcast,1,0.1,2,0.4,1.2,0.51
Atsinanana,2020-04-08,nowcast,0.9,0,2,0.3,1.1,0.56
Atsinanana,2020-04-09,nowcast,0.9,0.1,2,0.4,1.1,0.58
Atsinanana,2020-04-10,nowcast,0.9,0.1,2.1,0.3,1.1,0.54
Atsinanana,2020-04-11,nowcast,0.9,0.1,2.1,0.3,1,0.57
Atsinanana,2020-04-12,nowcast,0.9,0,2.1,0.3,1,0.56
Atsinanana,2020-04-13,nowcast,0.9,0,2.1,0.3,1,0.58
Atsinanana,2020-04-14,nowcast,0.9,0,2.1,0.4,1.1,0.57
Atsinanana,2020-04-15,nowcast,1,0.1,2.4,0.3,1.1,0.52
Atsinanana,2020-04-16,nowcast,1,0,2.3,0.3,1.1,0.5
Atsinanana,2020-04-17,nowcast,1.1,0.1,2.6,0.3,1.2,0.46
Atsinanana,2020-04-18,nowcast,1.2,0.1,2.8,0.5,1.4,0.38
Atsinanana,2020-04-19,nowcast,1.3,0.1,2.9,0.7,1.8,0.32
Atsinanana,2020-04-20,nowcast,1.5,0.2,2.9,0.7,1.8,0.27
Atsinanana,2020-04-21,nowcast,1.5,0.3,3.1,0.7,1.7,0.24
Atsinanana,2020-04-22,nowcast,1.6,0.4,3.3,0.9,1.9,0.19
Atsinanana,2020-04-23,nowcast,1.7,0.4,3.1,1,2,0.14
Atsinanana,2020-04-24,nowcast,1.7,0.5,3.3,1,2,0.13
Atsinanana,2020-04-25,nowcast,1.7,0.6,3,1.1,1.9,0.1
Atsinanana,2020-04-26,nowcast,1.7,0.7,3,1.1,2,0.11
Atsinanana,2020-04-27,nowcast,1.7,0.7,2.8,1.2,2,0.09
Atsinanana,2020-04-28,nowcast,1.6,0.8,2.8,1.2,1.9,0.07
Atsinanana,2020-04-29,nowcast,1.6,0.9,2.6,1.3,1.9,0.08
Atsinanana,2020-04-30,nowcast,1.6,0.8,2.5,1.2,1.8,0.07
Atsinanana,2020-05-01,nowcast,1.6,0.8,2.3,1.2,1.8,0.08
Atsinanana,2020-05-02,nowcast,1.5,0.9,2.3,1.2,1.8,0.07
Atsinanana,2020-05-03,nowcast,1.6,0.9,2.3,1.3,1.8,0.06
Atsinanana,2020-05-04,nowcast,1.6,1,2.3,1.3,1.8,0.05
Atsinanana,2020-05-05,nowcast,1.5,1,2.2,1.3,1.8,0.03
Atsinanana,2020-05-06,nowcast,1.6,1,2.2,1.3,1.8,0.04
Atsinanana,2020-05-07,nowcast,1.5,1,2.1,1.3,1.7,0.03
Atsinanana,2020-05-08,nowcast,1.5,1,2.1,1.3,1.7,0.04
Atsinanana,2020-05-09,nowcast,1.5,1,2,1.3,1.6,0.05
Atsinanana,2020-05-10,nowcast,1.4,0.9,1.9,1.3,1.6,0.06
Atsinanana,2020-05-11,nowcast,1.4,1,1.8,1.3,1.6,0.07
Atsinanana,2020-05-12,nowcast,1.3,1,1.8,1.2,1.5,0.06
Atsinanana,2020-05-13,nowcast,1.3,1,1.7,1.2,1.5,0.08
Atsinanana,2020-05-14,nowcast,1.3,0.9,1.6,1.1,1.4,0.09
Atsinanana,2020-05-15,nowcast,1.2,0.9,1.6,1.1,1.4,0.11
Atsinanana,2020-05-16,nowcast,1.2,0.9,1.5,1.1,1.3,0.14
Atsinanana,2020-05-17,nowcast,1.1,0.8,1.5,1,1.3,0.21
Atsinanana,2020-05-18,nowcast,1.1,0.8,1.4,1,1.2,0.31
Atsinanana,2020-05-19,nowcast,1,0.7,1.3,0.9,1.2,0.42
Atsinanana,2020-05-20,nowcast,1,0.7,1.3,0.9,1.1,0.49
Atsinanana,2020-05-21,nowcast,1,0.7,1.2,0.9,1.1,0.54
Atsinanana,2020-05-22,nowcast,1,0.7,1.2,0.9,1.1,0.59
Atsinanana,2020-05-23,nowcast,1,0.7,1.2,0.9,1.1,0.6
Atsinanana,2020-05-24,nowcast,1,0.7,1.2,0.9,1,0.62
Atsinanana,2020-05-25,nowcast,0.9,0.7,1.2,0.8,1,0.65
Atsinanana,2020-05-26,nowcast,0.9,0.7,1.2,0.8,1,0.68
Atsinanana,2020-05-27,nowcast,0.9,0.7,1.2,0.9,1,0.7
Atsinanana,2020-05-28,nowcast,0.9,0.7,1.2,0.8,1,0.71
Atsinanana,2020-05-29,nowcast,0.9,0.7,1.2,0.8,1,0.69
Atsinanana,2020-05-30,nowcast,0.9,0.7,1.2,0.8,1,0.69
Atsinanana,2020-05-31,nowcast,0.9,0.7,1.2,0.8,1,0.7
Atsinanana,2020-06-01,nowcast,0.9,0.6,1.2,0.8,1,0.72
Atsinanana,2020-06-02,nowcast,0.9,0.6,1.2,0.8,1,0.77
Atsinanana,2020-06-03,nowcast,0.9,0.6,1.1,0.8,1,0.81
Atsinanana,2020-06-04,nowcast,0.8,0.5,1.1,0.7,0.9,0.86
Atsinanana,2020-06-05,nowcast,0.8,0.5,1.1,0.7,0.9,0.93
Atsinanana,2020-06-06,nowcast,0.7,0.4,1,0.6,0.9,0.96
Atsinanana,2020-06-07,nowcast,0.7,0.4,0.9,0.6,0.8,0.98
Atsinanana,2020-06-08,nowcast,0.6,0.3,0.9,0.5,0.7,0.99
Atsinanana,2020-06-09,nowcast,0.6,0.3,0.9,0.5,0.7,0.97
Atsinanana,2020-06-10,nowcast,0.6,0.3,0.9,0.5,0.7,0.97
Atsinanana,2020-06-11,nowcast,0.6,0.3,0.9,0.5,0.7,0.95
Atsinanana,2020-06-12,nowcast,0.6,0.3,1,0.5,0.7,0.93
Atsinanana,2020-06-13,nowcast,0.6,0.3,1,0.4,0.7,0.9
Atsinanana,2020-06-14,nowcast,0.7,0.3,1.1,0.5,0.8,0.89
Atsinanana,2020-06-15,nowcast,0.7,0.3,1.1,0.5,0.8,0.87
Atsinanana,2020-06-16,nowcast,0.6,0.3,1.1,0.5,0.8,0.9
Atsinanana,2020-06-17,nowcast,0.6,0.2,1,0.5,0.8,0.91
Atsinanana,2020-06-18,nowcast,0.6,0.2,1,0.4,0.7,0.93
Atsinanana,2020-06-19,nowcast,0.5,0.1,0.9,0.4,0.7,0.94
Atsinanana,2020-06-20,nowcast,0.5,0.1,0.9,0.3,0.6,0.95
Atsinanana,2020-06-21,nowcast,0.5,0.1,0.9,0.2,0.6,0.94
Atsinanana,2020-06-22,nowcast,0.5,0.1,1,0.3,0.6,0.93
Atsinanana,2020-06-23,nowcast,0.5,0,1,0.3,0.6,0.89
Atsinanana,2020-06-24,nowcast,0.5,0,1.2,0.2,0.6,0.86
Atsinanana,2020-06-25,nowcast,0.6,0,1.4,0.2,0.7,0.78
Atsinanana,2020-06-26,nowcast,0.6,0,1.6,0.2,0.8,0.74
Atsinanana,2020-06-27,nowcast,0.8,0.1,1.8,0.4,1,0.65
Atsinanana,2020-06-28,nowcast,0.9,0.1,2.1,0.3,1,0.57
Atsinanana,2020-06-29,nowcast,1,0.1,2.1,0.4,1.1,0.52
Atsinanana,2020-06-30,nowcast,1.1,0.1,2.2,0.5,1.3,0.45
Atsinanana,2020-07-01,nowcast,1.2,0.2,2.5,0.6,1.4,0.39
Atsinanana,2020-07-02,nowcast,1.2,0.2,2.4,0.6,1.4,0.37
Atsinanana,2020-07-03,nowcast,1.2,0.3,2.5,0.7,1.5,0.33
Atsinanana,2020-07-04,nowcast,1.4,0.3,2.6,0.7,1.6,0.28
Atsinanana,2020-07-05,nowcast,1.4,0.4,2.6,0.9,1.7,0.23
Atsinanana,2020-07-06,nowcast,1.5,0.5,2.8,1,1.8,0.18
Atsinanana,2020-07-07,nowcast,1.6,0.6,2.8,1.1,2,0.14
Atsinanana,2020-07-08,nowcast,1.6,0.7,2.9,1.1,1.9,0.11
Atsinanana,2020-07-09,nowcast,1.7,0.8,3,1.2,1.9,0.07
Atsinanana,2020-07-10,forecast,1.8,0.4,3.4,1.1,2.2,0.16
Atsinanana,2020-07-11,forecast,1.8,0,3.2,1,2.3,0.2
Atsinanana,2020-07-12,forecast,1.8,0,3.4,1,2.4,0.21
Atsinanana,2020-07-13,forecast,1.8,0,3.4,1,2.4,0.22
Atsinanana,2020-07-14,forecast,1.8,0,3.6,1.1,2.6,0.23
Atsinanana,2020-07-15,forecast,1.9,0,3.7,0.9,2.6,0.25
Atsinanana,2020-07-16,forecast,1.9,0,3.8,1,2.7,0.23
Atsinanana,2020-07-17,forecast,1.9,0,4,1.1,2.9,0.25
Atsinanana,2020-07-18,forecast,1.9,0,4,0,1.9,0.26
Atsinanana,2020-07-19,forecast,1.9,0,4.1,0,1.9,0.27
Atsinanana,2020-07-20,forecast,1.9,0,4.4,0,1.9,0.27
Atsinanana,2020-07-21,forecast,1.9,0,4.4,0,1.9,0.28
Atsinanana,2020-07-22,forecast,1.9,0,4.4,0,1.9,0.29
Atsinanana,2020-07-23,forecast,2,0,4.5,0,2,0.28
National,2020-03-22,nowcast,1.2,0.5,1.9,0.8,1.4,0.3
National,2020-03-23,nowcast,1.2,0.6,1.9,0.9,1.4,0.31
National,2020-03-24,nowcast,1.1,0.5,1.8,0.9,1.3,0.34
National,2020-03-25,nowcast,1.1,0.5,1.7,0.8,1.3,0.36
National,2020-03-26,nowcast,1.1,0.5,1.6,0.8,1.3,0.41
National,2020-03-27,nowcast,1,0.4,1.6,0.8,1.2,0.45
National,2020-03-28,nowcast,1,0.5,1.6,0.8,1.2,0.48
National,2020-03-29,nowcast,1,0.4,1.6,0.7,1.1,0.5
National,2020-03-30,nowcast,0.9,0.4,1.5,0.8,1.1,0.56
National,2020-03-31,nowcast,0.9,0.4,1.5,0.7,1.1,0.59
National,2020-04-01,nowcast,0.9,0.4,1.5,0.7,1.1,0.61
National,2020-04-02,nowcast,0.9,0.3,1.4,0.7,1.1,0.65
National,2020-04-03,nowcast,0.9,0.4,1.4,0.6,1,0.67
National,2020-04-04,nowcast,0.8,0.3,1.3,0.6,1,0.71
National,2020-04-05,nowcast,0.8,0.3,1.3,0.5,0.9,0.73
National,2020-04-06,nowcast,0.8,0.3,1.4,0.5,0.9,0.75
National,2020-04-07,nowcast,0.8,0.2,1.3,0.5,0.9,0.75
National,2020-04-08,nowcast,0.8,0.2,1.3,0.5,0.9,0.76
National,2020-04-09,nowcast,0.7,0.2,1.3,0.5,0.9,0.77
National,2020-04-10,nowcast,0.7,0.1,1.3,0.5,0.9,0.76
National,2020-04-11,nowcast,0.8,0.1,1.5,0.4,0.9,0.7
National,2020-04-12,nowcast,0.8,0.2,1.7,0.5,1,0.66
National,2020-04-13,nowcast,0.8,0.1,1.6,0.5,1,0.66
National,2020-04-14,nowcast,0.9,0.2,1.7,0.5,1,0.63
National,2020-04-15,nowcast,0.9,0.3,1.7,0.5,1,0.59
National,2020-04-16,nowcast,0.9,0.2,1.8,0.6,1.1,0.56
National,2020-04-17,nowcast,1,0.2,2,0.5,1.1,0.5
National,2020-04-18,nowcast,1.1,0.2,2.2,0.7,1.4,0.41
National,2020-04-19,nowcast,1.2,0.3,2.4,0.8,1.5,0.33
National,2020-04-20,nowcast,1.3,0.4,2.5,0.8,1.6,0.25
National,2020-04-21,nowcast,1.4,0.5,2.5,1,1.7,0.21
National,2020-04-22,nowcast,1.5,0.5,2.4,1,1.7,0.15
National,2020-04-23,nowcast,1.5,0.7,2.6,1.1,1.8,0.13
National,2020-04-24,nowcast,1.5,0.7,2.4,1.1,1.8,0.12
National,2020-04-25,nowcast,1.5,0.8,2.5,1.1,1.8,0.11
National,2020-04-26,nowcast,1.5,0.8,2.5,1.2,1.8,0.09
National,2020-04-27,nowcast,1.6,0.8,2.4,1.2,1.7,0.08
National,2020-04-28,nowcast,1.5,0.9,2.3,1.2,1.8,0.06
National,2020-04-29,nowcast,1.5,0.9,2.2,1.3,1.7,0.08
National,2020-04-30,nowcast,1.5,0.9,2.1,1.2,1.7,0.08
National,2020-05-01,nowcast,1.5,0.9,2.1,1.2,1.7,0.07
National,2020-05-02,nowcast,1.5,1,2.1,1.2,1.6,0.05
National,2020-05-03,nowcast,1.5,0.9,2.1,1.2,1.6,0.05
National,2020-05-04,nowcast,1.5,1,2,1.3,1.6,0.03
National,2020-05-05,nowcast,1.5,1.1,2,1.3,1.6,0.03
National,2020-05-06,nowcast,1.5,1,2,1.3,1.6,0.03
National,2020-05-07,nowcast,1.5,1.1,1.9,1.2,1.6,0.02
National,2020-05-08,nowcast,1.5,1.1,1.9,1.3,1.6,0.02
National,2020-05-09,nowcast,1.4,1,1.8,1.3,1.6,0.02
National,2020-05-10,nowcast,1.4,1,1.8,1.3,1.5,0.03
National,2020-05-11,nowcast,1.4,1,1.7,1.2,1.5,0.04
National,2020-05-12,nowcast,1.3,1,1.7,1.2,1.5,0.04
National,2020-05-13,nowcast,1.3,1,1.6,1.1,1.4,0.06
National,2020-05-14,nowcast,1.3,0.9,1.6,1.1,1.4,0.09
National,2020-05-15,nowcast,1.2,1,1.5,1.1,1.4,0.08
National,2020-05-16,nowcast,1.2,1,1.5,1.1,1.3,0.08
National,2020-05-17,nowcast,1.2,0.9,1.4,1.1,1.3,0.11
National,2020-05-18,nowcast,1.2,1,1.4,1.1,1.3,0.11
National,2020-05-19,nowcast,1.1,0.9,1.4,1,1.2,0.17
National,2020-05-20,nowcast,1.1,0.9,1.3,1,1.2,0.2
National,2020-05-21,nowcast,1.1,0.9,1.3,1,1.2,0.23
National,2020-05-22,nowcast,1.1,0.9,1.3,1,1.2,0.26
National,2020-05-23,nowcast,1.1,0.8,1.3,1,1.2,0.27
National,2020-05-24,nowcast,1.1,0.9,1.3,1,1.1,0.29
National,2020-05-25,nowcast,1.1,0.9,1.3,1,1.1,0.32
National,2020-05-26,nowcast,1,0.8,1.2,1,1.1,0.4
National,2020-05-27,nowcast,1,0.8,1.2,0.9,1.1,0.43
National,2020-05-28,nowcast,1,0.8,1.2,0.9,1.1,0.48
National,2020-05-29,nowcast,1,0.8,1.2,0.9,1.1,0.51
National,2020-05-30,nowcast,1,0.8,1.2,0.9,1.1,0.5
National,2020-05-31,nowcast,1,0.8,1.2,0.9,1.1,0.53
National,2020-06-01,nowcast,1,0.8,1.2,0.9,1.1,0.51
National,2020-06-02,nowcast,1,0.8,1.2,0.9,1.1,0.54
National,2020-06-03,nowcast,1,0.8,1.2,0.9,1.1,0.53
National,2020-06-04,nowcast,1,0.8,1.2,0.9,1.1,0.47
National,2020-06-05,nowcast,1,0.8,1.2,0.9,1.1,0.44
National,2020-06-06,nowcast,1,0.8,1.3,1,1.1,0.35
National,2020-06-07,nowcast,1.1,0.9,1.3,1,1.1,0.27
National,2020-06-08,nowcast,1.1,0.9,1.4,1,1.2,0.19
National,2020-06-09,nowcast,1.2,0.9,1.4,1.1,1.2,0.11
National,2020-06-10,nowcast,1.2,1,1.4,1.1,1.3,0.05
National,2020-06-11,nowcast,1.2,1,1.5,1.1,1.3,0.03
National,2020-06-12,nowcast,1.3,1.1,1.5,1.2,1.3,0.01
National,2020-06-13,nowcast,1.3,1.1,1.5,1.2,1.4,0
National,2020-06-14,nowcast,1.3,1.1,1.5,1.2,1.4,0.01
National,2020-06-15,nowcast,1.3,1.1,1.5,1.2,1.4,0
National,2020-06-16,nowcast,1.3,1.1,1.5,1.2,1.4,0.01
National,2020-06-17,nowcast,1.3,1.1,1.5,1.2,1.4,0.01
National,2020-06-18,nowcast,1.3,1.1,1.5,1.2,1.4,0
National,2020-06-19,nowcast,1.3,1.1,1.5,1.2,1.4,0
National,2020-06-20,nowcast,1.3,1.1,1.5,1.2,1.3,0
National,2020-06-21,nowcast,1.3,1.1,1.5,1.2,1.4,0
National,2020-06-22,nowcast,1.3,1.2,1.5,1.2,1.4,0
National,2020-06-23,nowcast,1.3,1.2,1.5,1.3,1.4,0
National,2020-06-24,nowcast,1.3,1.2,1.5,1.3,1.4,0
National,2020-06-25,nowcast,1.4,1.2,1.5,1.3,1.4,0
National,2020-06-26,nowcast,1.4,1.2,1.5,1.3,1.4,0
National,2020-06-27,nowcast,1.4,1.2,1.5,1.3,1.4,0
National,2020-06-28,nowcast,1.4,1.2,1.5,1.3,1.4,0
National,2020-06-29,nowcast,1.3,1.2,1.5,1.3,1.4,0
National,2020-06-30,nowcast,1.3,1.2,1.5,1.3,1.4,0
National,2020-07-01,nowcast,1.3,1.2,1.5,1.2,1.3,0
National,2020-07-02,nowcast,1.3,1.1,1.4,1.2,1.3,0
National,2020-07-03,nowcast,1.2,1.1,1.4,1.2,1.3,0
National,2020-07-04,nowcast,1.2,1.1,1.3,1.1,1.2,0
National,2020-07-05,nowcast,1.2,1.1,1.3,1.1,1.2,0.01
National,2020-07-06,nowcast,1.2,1.1,1.3,1.1,1.2,0.01
National,2020-07-07,nowcast,1.1,1,1.2,1.1,1.2,0.03
National,2020-07-08,nowcast,1.1,1,1.2,1.1,1.2,0.04
National,2020-07-09,nowcast,1.1,1,1.2,1.1,1.1,0.06
National,2020-07-10,forecast,1.1,1,1.3,1.1,1.2,0.13
National,2020-07-11,forecast,1.1,0.9,1.3,1,1.2,0.16
National,2020-07-12,forecast,1.1,0.9,1.3,1,1.2,0.2
National,2020-07-13,forecast,1.1,0.9,1.3,1,1.2,0.24
National,2020-07-14,forecast,1.1,0.8,1.3,1,1.2,0.25
National,2020-07-15,forecast,1.1,0.8,1.4,1,1.2,0.27
National,2020-07-16,forecast,1.1,0.8,1.4,1,1.2,0.29
National,2020-07-17,forecast,1.1,0.8,1.4,1,1.2,0.29
National,2020-07-18,forecast,1.1,0.8,1.4,1,1.2,0.31
National,2020-07-19,forecast,1.1,0.8,1.4,0.9,1.2,0.33
National,2020-07-20,forecast,1.1,0.7,1.4,0.9,1.2,0.34
National,2020-07-21,forecast,1.1,0.7,1.4,0.9,1.2,0.36
National,2020-07-22,forecast,1.1,0.7,1.5,0.9,1.2,0.34
National,2020-07-23,forecast,1.1,0.7,1.5,0.9,1.2,0.36
